question,answer,table_id,answer_type,is_temporal,answer_old,answer_timeunit
How many years did Art Carney as actor since 1939?,54 Years,2,TEMPORAL,Is temporal,54 Years,year
How many total years was Art Carney married to Jean Myers?,28 years,2,TEMPORAL,Is temporal,28 years,year
How many years before he died was Art Carney married for the last time?,23,2,COUNT,Is temporal,23,year
How old was Art Carney when he first got divorced?,47,2,AGE,Is temporal,47,year
How many years ago did Art Carney was died?,19 Years ago,2,TEMPORAL,Is temporal,19 Years ago,year
For how many years had Benedict Cumberbatch been acting when he got married?,17,3,COUNT,Is temporal,17,year
How many years prior to Cumberbatch turning 45 was the picture taken?,2,3,COUNT,Is temporal,2,year
How long after Cumberbatch started his career did he marry Sophie Hunter​?,17 years,3,TEMPORAL,Is temporal,17 years,year
How old was Cumberbatch when his career began?,22,3,AGE,Is temporal,22,year
How old was Benedict Cumberbatch when he started acting?,22,3,AGE,Is temporal,22,year
How many years has Benedict Cumberbatch been acting?,24 years,3,TEMPORAL,Is temporal,24 years,year
For how many years has Benedict Cumberbatch been married?,7,3,COUNT,Is temporal,7,year
How old was Benedict Cumberbatch when he began acting?,22 years old,3,TEMPORAL,Is temporal,22 years old,year
How many years long was Dwayne Johnson's professional wrestling career?,23,7,COUNT,Is temporal,23,year
When was the last time that Dwayne Johnson competed in the ring professionally?,2019,7,TEMPORAL,Is temporal,2019,year
How old was Dwayne Johnson when he began his wrestling career?,24 years old,7,TEMPORAL,Is temporal,24 years old,year
What was the age when Dwayne Johnson as debut as actor?,Age of 27,7,AGE,Is temporal,Age of 27,year
How many years did Dwayne Johnson was in wresting career?,23 Years,7,TEMPORAL,Is temporal,23 Years,year
How many active years did Dwayne Johnson wrestle?,23 years,7,TEMPORAL,Is temporal,23 years,year
How many years was Joan Crawford active?,50,8,COUNT,Is temporal,50,year
how many years Joan Crawford and Franchot Tone live together?,4,8,COUNT,Is temporal,4,year
How many years Joan Crawford is active?,50,8,COUNT,Is temporal,50,year
How many years did Joan Crawford was active carreer?,50 Years (1924–1974),8,TEMPORAL,Is temporal,50 Years (1924–1974),not defined
How many years did Joan Crawford and Alfred Steele was married relatioship?,4 Years (from 1955 to 1959),8,TEMPORAL,Is temporal,4 Years (from 1955 to 1959),not defined
How long did each of Joan Crawford's marriages last?,4,8,UNKNOWN,Is temporal,four,not defined
What was the the age when Hebar Pazardzhik originally retrired from his career?,Age of 39,13,UNKNOWN,Is temporal,Age of 39,year
How many years ago did Hebar Pazardzhik debut his first match?,33 years ago,13,TEMPORAL,Is temporal,33 years ago,year
For how many more years was Steve Austin married to Jeanie Clarke than Kathryn Burrhus?,5,13,COUNT,Is temporal,5,not defined
How old was Steve Austin when he started his wrestling career?,25,13,AGE,Is temporal,25,year
How many years elapsed between Steve Austin's first retirement and his return match?,19,13,COUNT,Is temporal,19,year
How old was Steve Austin when he began his professional wrestling career?,25 years old,13,TEMPORAL,Is temporal,25 years old,year
How old was Steve Austin when he retired from professional wrestling?,39 years old,13,TEMPORAL,Is temporal,39 years old,year
How many years after the Ethiopian was first established did Mekelle become capital?,601,22,COUNT,Is temporal,601,year
How much longer was Habte Giyorgis prime minister than Yekuno Amlak was emperor?,3 years,22,TEMPORAL,Is temporal,3 years,year
How many years did Ethiopian-Adal war was held?,14 Years,22,TEMPORAL,Is temporal,14 Years,year
How long after the constitution was adopted was the monarchy abolished?,44 years,22,TEMPORAL,Is temporal,44 years,year
Italian Eritrea happened how many years before the Ethiopian Empire monarchy was abolished?,85,22,COUNT,Is temporal,85,not defined
How long after playing for Monterrey did Mohamed first manage the team?,15 years,36,TEMPORAL,Is temporal,15 years,year
How many years did Antonio Mohamed manage the team before the team he currently manages?,1 year,36,TEMPORAL,Is temporal,1 year,year
How many years did Antonio Mohamed was played for national team as member?,3 Years (1989-1991),36,TEMPORAL,Is temporal,3 Years (1989-1991),not defined
How many years did Zinedine Zidane was played senior career?,17 Years played,40,TEMPORAL,Is temporal,17 Years played,not defined
How many years did Zinedine Zidane spend in the youth division?,9,40,COUNT,Is temporal,9,year
When did Zinedine Zidane's career start as a senior?,1988,40,TEMPORAL,Is temporal,1988,not defined
How much longer was Zidane's senior career than his youth career?,9 years,40,TEMPORAL,Is temporal,9 years,year
How long after playing for Real Madrid did Zidane become its assistant manager?,7 years,40,TEMPORAL,Is temporal,7 years,year
How many years did Roy Emerson play at an amateur level until he turned pro?,15 years,50,TEMPORAL,Is temporal,15 years,year
How old was Roy Emerson when he began to play professionally?,32 years old,50,TEMPORAL,Is temporal,32 years old,year
When was the last time that Roy Emerson won Wimbleton?,1971,50,TEMPORAL,Is temporal,1971,year
How long after winning a doubles tournament did Roy Emerson win a singles tournament?,2 years,50,TEMPORAL,Is temporal,2 years,year
How many total years of amateur playing and pro playing did Roy Emerson have?,30,50,COUNT,Is temporal,30,not defined
When was the first time that Roy Emerson won the Davis Cup?,1959,50,TEMPORAL,Is temporal,1959,year
How long did it take Roy Emereson to go from amateur to pro?,15 years,50,TEMPORAL,Is temporal,15 years,year
How old was Roy Emerson when he retired from playin professionally?,47 years old,50,TEMPORAL,Is temporal,47 years old,year
When did Roy Emerson first win a Grand Slam Singles Tournament?,1961,50,TEMPORAL,Is temporal,1961,not defined
How long after turning pro did Roy Emerson retire?,15 years,50,TEMPORAL,Is temporal,15 years,year
When was the most recent time that Roy Emerson won the Australian Open?,1969,50,TEMPORAL,Is temporal,1969,year
How old was Roy Emerson when he first won the French Open Doubles?,27,50,AGE,Is temporal,27,year
What year was Roy Emerson inducted into the International Tennis Hall of Fame?,1982,50,TEMPORAL,Is temporal,1982,year
How long did Roy Emerson play in the amateur league before going professional?,15 years,50,TEMPORAL,Is temporal,15 years,year
How long did Roy Emerson play professionally?,15 years,50,TEMPORAL,Is temporal,15 years,year
How many years were between when Nicklaus first won the U.S. Open and last won the Masters Tournament?,24,66,COUNT,Is temporal,24,year
How long after his marriage did Nicklaus turn professional?,1 year,66,TEMPORAL,Is temporal,1 year,year
When was the first time that Jack Nicklaus won a Masters Tournament?,1963,66,TEMPORAL,Is temporal,1963,year
How many years after turning pro did Jack Nicklaus win a Masters Tournament?,2,66,COUNT,Is temporal,2,year
How many years had Jack Nicklaus been playing when he won his first Masters Tournament?,2 years,66,TEMPORAL,Is temporal,2 years,year
How many years had Jack Nicklaus been playing when he won his last PGA as leading money winner?,15 years,66,TEMPORAL,Is temporal,15 years,year
What was the last year that Jack Nicklaus won a U.S. Open?,1980,66,TEMPORAL,Is temporal,1980,not defined
How many years were between the time Diegel first won the PGA Championship and when he achieved T16 at the Master's?,6,68,COUNT,Is temporal,6,year
How many years before Diegel died was the picture taken?,19,68,COUNT,Is temporal,19,year
How long was Leo Diegel married?,17 years,68,TEMPORAL,Is temporal,17 years,year
How long after Diegel started his pro career did he marry Violet Bird Diegel?,18 years,68,TEMPORAL,Is temporal,18 years,year
How many years after winning his first competition did Leo Diegel pass away?,31,68,COUNT,Is temporal,31,year
How many years ago did Leo Diegel was died?,71 Years ago,68,TEMPORAL,Is temporal,71 Years ago,year
How many years had Sam Snead been playing professionally when he won the Masters?,15 years,70,TEMPORAL,Is temporal,15 years,year
What year did Sam Snead begin playing professionally?,1934,70,TEMPORAL,Is temporal,1934,year
How many years separate the time Sam Snead began playing professionally and his death?,68 years,70,TEMPORAL,Is temporal,68 years,year
How many years before he married Audrey Karnes Snead did Snead begin his pro career?,6,70,COUNT,Is temporal,6,year
How long after starting his pro career did Snead win his first championship?,8 years,70,TEMPORAL,Is temporal,8 years,year
How old was Sam Snead when he turned professional?,32,70,AGE,Is temporal,32,year
What year was Chuck Howley drafted into the NFL?,1958,74,TEMPORAL,Is temporal,1958,year
How many years did Chuck Howley play for the Los Raiders?,12,74,COUNT,Is temporal,12,year
What was the total number of years that Chuck Howley was a 5× First-team All-Pro?,4,74,COUNT,Is temporal,4,not defined
How old was Chuck Howley when his NFL career began?,22,74,AGE,Is temporal,22,year
When was the last year that Chuck Howley played in the Pro Bowl?,1971,74,TEMPORAL,Is temporal,1971,year
During what year did Manning receive the most awards or highlights?,2003,75,TEMPORAL,Is temporal,2003,year
How many years longer did Manning play for the New York Giants than Ole Miss?,11,75,COUNT,Is temporal,11,year
What were the number of years that Eli Manning played for the Giants before he won the Walter Payton NFL Man of the Year in 2016?,12 years,75,TEMPORAL,Is temporal,12 years,year
What year was Eli Manning drafted into the NFL?,2004,75,TEMPORAL,Is temporal,2004,year
How many years did Eli Manning play for the New York Giants?,15,75,COUNT,Is temporal,15,year
How many years did Eli Manning attend school at Ole Miss?,4 years,75,TEMPORAL,Is temporal,4 years,year
How many years after Eli Manning attended Ole Miss did he win the Bart Starr award?,21 years,75,TEMPORAL,Is temporal,21 years,year
How many years did James Worthy play professionally?,12 years,81,TEMPORAL,Is temporal,12 years,year
When was the last time that James Worthy played in an NBA All Stars game?,1992,81,TEMPORAL,Is temporal,1992,year
When was the first time that James worthy was chosen as an All-American player?,1978,81,TEMPORAL,Is temporal,1978,year
For how many years did James Worthy play for the NBA?,12,81,COUNT,Is temporal,12,year
How many years after winning the gold medal at the FIBA U19 World Championship did Worthy enter the draft?,3,81,COUNT,Is temporal,3,year
How long after Worthy's NBA career began did he win his first NBA championship?,3 years,81,TEMPORAL,Is temporal,3 years,year
How long had James Worthy been playing professionally when he won the NCAA Championship?,1,81,UNKNOWN,Is temporal,1,not defined
How many years ago did Nate Archibald was received Basketball Hall of Fame as player?,16 Years ago (2006),83,TEMPORAL,Is temporal,16 Years ago (2006),not defined
How many years did Nate Archibald play professionally for?,14,83,COUNT,Is temporal,14,year
When was the last time that Nate Archibald was an NBA All Star?,1982,83,TEMPORAL,Is temporal,1982,year
How many years did Nate Archibald was active carreer since 1970?,14 Years,83,TEMPORAL,Is temporal,14 Years,year
What was the age when Scottie Pippen won gold medal in 1996 Atlanta Olympic Games?,Age of 31,89,AGE,Is temporal,Age of 31,year
How many years did Pippen play between his stints in Chicago?,5,89,COUNT,Is temporal,Five,year
How old was Pippwn when he won his first Olympic gold?,26,89,AGE,Is temporal,26,year
How long after Pippen entered the NBA draft did was he awarded NBA steals leader?,8 years,89,TEMPORAL,Is temporal,8 years,year
How many years longer did Pippen play for the Chicago Bulls than for the Portland Trail Blazers?,8,89,COUNT,Is temporal,8,year
How many years ago did Scottie Pippen awarded NBA steals leader?,27 Years ago (1995),89,TEMPORAL,Is temporal,27 Years ago (1995),not defined
What was the first year that Carolina Albuquerque competed on the national team?,1997,93,TEMPORAL,Is temporal,1997,not defined
How many years separate Carolina Albuquerque's silver medals in the the World Grand Prix and the World Championship?,7,93,COUNT,Is temporal,7,year
How long after her first gold medal in any international competition did Carolina Albuquerque win a gold in Olympics?,9 years,93,TEMPORAL,Is temporal,9 years,year
In which year did Carolina Albuquerque win the most gold medals in international competition?,2008,93,TEMPORAL,Is temporal,2008,not defined
What years did Carolina Albuquerque win medals in Asia?,"1999, 2005, 2006, 2008",93,TEMPORAL,Is temporal,"1999, 2005, 2006, 2008",year
What was the age when Thiago Alves won first medal in Olympic Games 2012?,Age of 26,96,AGE,Is temporal,Age of 26,year
How many years separate the two gold medals that Thiago Alves won in the World Grand Championships Cup?,4 years,96,TEMPORAL,Is temporal,4 years,year
How old was Thiago Alves when he won gold in the Pan American games in 2011?,25 years,96,TEMPORAL,Is temporal,25 years,year
How many years did Thiago Alves played for Grêmio Náutico União from 2000?,3 Years (2000-2003),96,TEMPORAL,Is temporal,3 Years (2000-2003),not defined
What year did Matt Biondi win 4 gold medals in the Summer Universiade games?,1985,115,TEMPORAL,Is temporal,1985,year
How many years after winning his first medal in an Olympic Game did Matt Biondi win a medal in his last Olympic Game?,8,115,COUNT,Is temporal,8,year
What year did Matt Biondi win his only bronze in the Olympics?,1988,115,TEMPORAL,Is temporal,1988,year
When was the last time that Matt Biondi won a medal in the Olympic Games?,1992,115,TEMPORAL,Is temporal,1992,year
When did Matt Biondi first win a gold at the Olympic Games?,1984,115,TEMPORAL,Is temporal,1984,not defined
In what year did Jager win the most overall Olympic medals?,1988,118,TEMPORAL,Is temporal,1988,year
How many years were between Jager's gold medals at the Los Angeles Olympics and his gold medals at the Edmonton Pan Am Games?,7,118,COUNT,Is temporal,7,year
How long was it between when Bayinnaung's reign as Suzerain of Lan Na began and his first reign as Suzerain of Lan Xang ended?,10,119,UNKNOWN,Is temporal,10,not defined
How many months after the beginning of his reign as King of Burma was Bayinnaung's coronation at Toungoo?,9,119,COUNT,Is temporal,9,not defined
How many days after Bayinnaung died did they bury him?,5,119,COUNT,Is temporal,5,not defined
In what year did Bayinnaung first reign?,1565,119,TEMPORAL,Is temporal,1565,year
How many years did Bayinnaung was ruled the Suzerain of Siam?,17 Years,119,TEMPORAL,Is temporal,17 Years,year
How old was Peter III when he became King of Aragon and Valencia Count of Barcelona?,37 years old,122,TEMPORAL,Is temporal,37 years old,year
How long did Peter III rule as King of Aragon and Valencia Count of Barcelona?,9 years,122,TEMPORAL,Is temporal,9 years,year
When did Peter III assume his first role?,4 September 1282,122,UNKNOWN,Is temporal,4 September 1282,not defined
How many years before the his death did Peter III begin his reign as King of Sicily?,3,122,COUNT,Is temporal,3,year
How many years did Peter III reign as King of Sicily?,3 years,122,TEMPORAL,Is temporal,3 years,year
How much longer was Peter III's reign as King of Aragon and Valencia Count of Barcelona than as King of Sicily?,6 years,122,TEMPORAL,Is temporal,6 years,year
How old was Peter III when he started his reign as King of Aragon and Valencia Count of Barcelona?,37,122,AGE,Is temporal,37,year
Since 2013 what year did Chen Yufei not win a medal in badminton?,2021,129,TEMPORAL,Is temporal,2021,year
In what year did Chen Yufei win the most medals?,2016,129,TEMPORAL,Is temporal,2016,year
How many years are between Chen Yufei's gold medal at the Kota Kinabalu Asian Junior Championships and her gold medal at the Tokyo Olympics?,7,129,COUNT,Is temporal,7,year
How many years ago did Shi Yuqi achived highest rank?,5 Years ago (2017),166,TEMPORAL,Is temporal,5 Years ago (2017),not defined
In what year did Shi Yuqi win the most gold medals?,2014,166,TEMPORAL,Is temporal,2014,year
How many years separate Yuqi's silver medal at the World Championship and his silver at the Asian Junior Championships?,6,166,COUNT,Is temporal,6,year
When was the first time that Shi Yuqi won a medal in the Asian Junior Championships?,2012,166,TEMPORAL,Is temporal,2012,year
When was the most recent year in which Shi Yuqi won a medal?,2021,166,TEMPORAL,Is temporal,2021,year
In what year did Wang Xiaoli win the most bronze medals?,2006,174,TEMPORAL,Is temporal,2006,year
How many years separate Wang Xiaoli's gold medal at the London World Championship and her gold medal at the Asian Junior Championships?,5,174,COUNT,Is temporal,5,year
When was the most recent time that Wang Xiaoli received a medal in the Asian Junior Championships?,2007,174,TEMPORAL,Is temporal,2007,year
When was the first time that Wang Xiaoli won a medal in the World Championships?,2010,174,TEMPORAL,Is temporal,2010,year
How many years ago did Wang Xiaoli achived Highest ranking?,8 Years ago,174,TEMPORAL,Is temporal,8 Years ago,year
What was the age when Wang Xiaoli won first gold medal in Asian Junior Championships 2006?,Age of 17,174,AGE,Is temporal,Age of 17,year
How many years did B-24 Skua was in active service as bomber/fighter?,3 Years,226,TEMPORAL,Is temporal,3 Years,year
How many years ago did B-24 Skua was first flighted?,85 Years ago,226,TEMPORAL,Is temporal,85 Years ago,year
What year was the B-24 Skua introduced?,1938,226,TEMPORAL,Is temporal,1938,year
How many years was it after the first flight was the B-24 Skua introduced?,1 year,226,TEMPORAL,Is temporal,1 year,year
How many years did the B-24 Skua fly before it was retired?,8 years,226,TEMPORAL,Is temporal,8 years,year
How much longer was the time between when the B-24 Skua was withdrawn from the front line and withdrawn from other duties than the first flight and the introduction?,3 years,226,TEMPORAL,Is temporal,3 years,year
How many years were between when the B-24 Skua was introduced and it was withdrawn from the front line?,3,226,COUNT,Is temporal,3,year
How long after the first flight of the B-24 Skua was it withdrawn from other duties?,8 years,226,TEMPORAL,Is temporal,8 years,year
How many years passed between first flight and introduction of JF-17 Thunder?,4 years,229,TEMPORAL,Is temporal,4 years,year
How many years did JF-17 Thunder was introduced after first flight in 2003?,4 Years after,229,TEMPORAL,Is temporal,4 Years after,year
How many years did JF-17 Thunder is produced in pakistan?,14 Years,229,TEMPORAL,Is temporal,14 Years,year
How long in years has JF-17 Thunder been used in Pakistan?,14,229,UNKNOWN,Is temporal,14,not defined
How many years has JF-17 Thunder been used in China?,15,229,COUNT,Is temporal,15,year
How many years after its first flight was the A JF-17 produced in Pakistan?,4,229,COUNT,Is temporal,4,year
How long did it take for the inflation to reduce 0.8% in the economy of France?,1 year,243,TEMPORAL,Is temporal,1 year,year
In how many years did Human Development Index of the economy of France grow by 0.089 points?,1 year,243,TEMPORAL,Is temporal,1 year,year
How long after the economic aid of $9.50 billion was the revenues of the French economy 52.6% of GDP?,3 years,243,TEMPORAL,Is temporal,3 years,year
What day does Japan's fiscal year end?,31 March,248,UNKNOWN,Is temporal,31 March,not defined
What day does Japan's fiscal year begin?,1 April,248,UNKNOWN,Is temporal,1 April,not defined
"How many years are between the year Malaysia's nominal GDP rank was 34th and the year its PPP GDP per capita was $32,901?",0,250,COUNT,Is temporal,0,year
How many days has it been since Horacio Rosatti became President of the Supreme Court of Argentina?,283,253,COUNT,Is temporal,283,not defined
How many years ago did Supreme Court of Argentina Established?,159 Years ago,253,TEMPORAL,Is temporal,159 Years ago,year
How many days ago did Carlos Rosenkrantz in office of the vice president of Supreme Court of Argentina?,271 days ago,253,TEMPORAL,Is temporal,271 days ago,not defined
How many months has it been since the Supreme Court of Argentina been?,1913,253,COUNT,Is temporal,1913,not defined
"If a judge is appointed at the age of 50, how many years may they serve before a five-year extension is required?",25 years,253,TEMPORAL,Is temporal,25 years,year
How old did the Supreme Administrative Court turn the year Anna Sporrer became Vice President?,138 years,254,TEMPORAL,Is temporal,138 years,year
How many years ago Supreme Administrative Court was established?,146,254,COUNT,Is temporal,146,year
How long has Rudolf Thienel been President of Supreme Administrative Court?,8 years,254,TEMPORAL,Is temporal,8 years,year
How long after its establishment did Supreme Administrative Court have Rudolf Thienel as its President?,138 years,254,TEMPORAL,Is temporal,138 years,year
How old did the Supreme Administrative Court turn the year Rudolf Thienel became President?,138 years,254,TEMPORAL,Is temporal,138 years,year
How many years after Rudolf Thienel became President did Anna Sporrer became Vice President?,0,254,COUNT,Is temporal,zero,year
How many years did Supreme Court of Israel was established?,74 years,257,TEMPORAL,Is temporal,74 years,year
How much longer will Esther Hayut's term as president be than Uzi Vogelman's term as deputy president when their lead positions end?,4 years,257,TEMPORAL,Is temporal,4 years,year
How many years between when Uzi Vogelman term as deputy president begins and when his Jurist term ends?,2,257,COUNT,Is temporal,2,year
How long after the Supreme Court of Israel was established did Esther Hayut become president?,69 years,257,TEMPORAL,Is temporal,69 years,year
For approximately how many more years has Esther Hayut been with the Supreme Court of Israel vs Uzi Vogelman?,5,257,COUNT,Is temporal,5,not defined
How many years later did Esther Hayut become President after the start of Supreme Court of Israel?,69,257,COUNT,Is temporal,69,year
How many years ago did Casey Mears last participated in IndyCar Series?,21 Years ago (2001),264,TEMPORAL,Is temporal,21 Years ago (2001),not defined
How many years ago did Casey Mears received the award of Coca-Cola 600 winner?,15 Years ago (2007),264,TEMPORAL,Is temporal,15 Years ago (2007),not defined
How many years did Casey Mears participated in NASCAR Xfinity Series?,17 Years (2001-2017),264,TEMPORAL,Is temporal,17 Years (2001-2017),not defined
How many years did Casey Mears career last in the Champ Car series?,2 years,264,TEMPORAL,Is temporal,2 years,year
What year did Casey Mears have his first Daytona 500 race?,2003,264,TEMPORAL,Is temporal,2003,year
How many years did it take for Mears to win a NASCAR Cup Series race?,4,264,COUNT,Is temporal,Four,year
How old was Cody Ware when he debut in the NASCAR Cup Series?,22 years old,265,TEMPORAL,Is temporal,22 years old,year
How many years did Cody Ware race in the NASCAR Xfinity Cup Series?,7 years,265,TEMPORAL,Is temporal,7 years,year
How many years ago did Cody Ware won Lamborghini Super Trofeo North America Rookie of the Year 2014?,8 Years ago,265,TEMPORAL,Is temporal,8 Years ago,year
What was the age when Cody Ware participated first race in NASCAR PEAK Mexico Series 2014?,Age of 19,265,AGE,Is temporal,Age of 19,year
How old was Cody Ware when he competed in the NASCAR PEAK Mexico Series?,19 years old,265,TEMPORAL,Is temporal,19 years old,year
What year did Cody Ware race for his first NASCAR Cup series race?,2017,265,TEMPORAL,Is temporal,2017,year
How many years ago did Tony Stewart was awarded IROC champion?,16 Years ago (2006),272,TEMPORAL,Is temporal,16 Years ago (2006),not defined
What was the age when Tony Stewart first participated in IndyCar Series career?,Age of 21,272,AGE,Is temporal,Age of 21,year
What year did Tony Stewart win his first NASCAR Cup Series Race?,2002,272,TEMPORAL,Is temporal,2002,year
At what age was Stewart inducted into the NASCAR Hall of Fame?,49,272,AGE,Is temporal,49,year
What year did Tony Stewart win his last NASCAR Series Cup Race?,2016,272,TEMPORAL,Is temporal,2016,year
How old was Tony Stewart when he won his first 2002 NASCAR Series Race?,31 years old,272,TEMPORAL,Is temporal,31 years old,year
How old was B. J. Neufeld when he received his last medal?,36,281,AGE,Is temporal,36,year
When was the last time that B. J. Neufeld won any type of medal?,2022,281,TEMPORAL,Is temporal,2022,year
How many years has B.J. Neufeld been associated with a member association?,15 years,281,TEMPORAL,Is temporal,15 years,year
How many years ago did B. J. Neufeld was top ranked in CTRS?,8 Years ago,281,TEMPORAL,Is temporal,8 Years ago,year
When was the first time that Dawn McEwen made an appearance at the World Championships?,2008,288,TEMPORAL,Is temporal,2008,year
When was the first time that Dawn McEwen got a gold medal at the Scotties Tournament of Hearts?,2008,288,TEMPORAL,Is temporal,2008,year
How old was Dawn McEwen when she won the gold at the 2014 Sochi Olympics?,34 years old,288,TEMPORAL,Is temporal,34 years old,year
What year did Dawn McEwen make her first Olympic appearance?,2014,288,TEMPORAL,Is temporal,2014,year
How many years did Dawn McEwen played for  Ontario from 2003?,4 Years,288,TEMPORAL,Is temporal,Four Years,year
When did Emma Kathryn Miskew first win a medal in the World Curling Championships?,2013,291,TEMPORAL,Is temporal,2013,not defined
What was the age when Emma Miskew was appeared in 2018 Olympic Games?,Age of 29,291,AGE,Is temporal,Age of 29,year
How many years are between Miskew's gold medal at the Canada Winter Games and her gold medal at the Canadian Olympic Curling Trials?,10,291,COUNT,Is temporal,10,year
How old was Emma Kathryn Miskew when she made her first Hearts appearance?,22,291,AGE,Is temporal,22,year
What year started Alexandra Boltasseva's longest streak for getting an award each year start?,2017,315,TEMPORAL,Is temporal,2017,year
When did Alexandra Boltasseva win her first award?,2008,315,TEMPORAL,Is temporal,2008,not defined
"What year did Alexandra Boltasseva, win her first award?",2008.,315,TEMPORAL,Is temporal,2008.,year
How old was Boltasseva when she won Young Elite-Researcher Award from the Danish Councils for Independent Research?,30,315,AGE,Is temporal,30,year
How old was Alexandra Boltasseva when she won her first award?,30,315,AGE,Is temporal,30,year
How many years were between Boltasseva's award for  Fellow of the Materials Research Society and Fellow of The Optical Society?,6,315,COUNT,Is temporal,6,year
In what year did Boltasseva win the most awards?,2013,315,TEMPORAL,Is temporal,2013,year
"What year did Alexandra Blotasseva, gain the MIT Technology Review Top Young Innovator, award?",2011.,315,TEMPORAL,Is temporal,2011.,year
How many years after getting the 2001 Innovative Teaching Grant - Intel Corporation did Aude Gemma Billard get The Outstanding Young Person in Science and Innovation award?,2 years,321,TEMPORAL,Is temporal,2 years,year
How many years are between Billard's award for The Outstanding Young Person in Science and Innovation and Innovative Teaching Grant?,2,321,COUNT,Is temporal,2,year
How many years ago did Aude Gemma Billard was got award for Fellowship Medicus Foundation?,23 Years ago (1999),321,TEMPORAL,Is temporal,23 Years ago (1999),not defined
What was the age when Aude Gemma Billard was received the award Member of SATW?,Age of 45,321,AGE,Is temporal,Age of 45,year
How old was Aude Gemma Billard when nominated as a member of SATW?,45 years,321,TEMPORAL,Is temporal,45 years,year
How old was  Aude Billard when she was Nominated as Member of SATW?,45,321,AGE,Is temporal,45,year
How many years was Hulk Hogan active as a wrestler?,35,339,COUNT,Is temporal,35,year
How many years ago did Linda Hogan was debut his wrestling career?,45 years ago (1977),339,TEMPORAL,Is temporal,45 years ago (1977),not defined
What year did Hulk Hogan become an actor?,1982,339,TEMPORAL,Is temporal,1982,year
How old was Hulk Hogan when he married Linda Hogan?,30 years old,339,TEMPORAL,Is temporal,30 years old,year
How many years was Hulk Hogan a wrestler when he started acting?,5,339,COUNT,Is temporal,five,year
From which year did Linda Hogan became the actor?,1982,339,TEMPORAL,Is temporal,1982,not defined
How many years did Hulk Hogan actively wrestle?,35 years,339,TEMPORAL,Is temporal,35 years,year
At what age did Jeffrey Epstein get work release?,55,340,AGE,Is temporal,55,year
Approximately how long after being apprehended did Jeffrey Epstein die by suicide?,1 month,340,TEMPORAL,Is temporal,1 month,not defined
How old did Jeffrey Epstein turn the year he was apprehended?,66,340,AGE,Is temporal,66,not defined
How many months after being apprehended did Jeffrey Epstein commit suicide?,1,340,COUNT,Is temporal,one,not defined
How many years after his first penalty was Jeffrey Epstein apprehended?,11 years,340,TEMPORAL,Is temporal,11 years,year
How old was Epstein when he was apprehended?,66,340,AGE,Is temporal,66,year
"How many days did Jeffrey Epstein alive after he was apprehended on uly 6, 2019?",35 days,340,TEMPORAL,Is temporal,35 days,not defined
How many days after Epstein was apprehended was the mugshot photo taken ?,3,340,COUNT,Is temporal,3,not defined
What year was Jeffrey Epstein apprehended?,2019,340,TEMPORAL,Is temporal,2019,year
How long after his arrest did Epstein die?,1 month,340,TEMPORAL,Is temporal,1 month,not defined
How old was Jeffrey Epstein when he was apprehended in 2019?,66 years old,340,TEMPORAL,Is temporal,66 years old,year
At what age was Jeffrey Epstein apprehended?,66,340,AGE,Is temporal,66,year
How many days before his death was Jeffrey Edward Epstein apprehended?,35 days,340,TEMPORAL,Is temporal,35 days,not defined
How old was Jeffrey Edward Epstein at the time of his 13 months penalty?,55 years,340,TEMPORAL,Is temporal,55 years,year
How many days after Jeffrey Edward Epstein's apprehension was his final mugshot taken?,3 days,340,TEMPORAL,Is temporal,3 days,not defined
How old was Jeffrey Epstein was convicted in 2008?,55 Years,340,TEMPORAL,Is temporal,55 Years,year
What year was Jeffrey Epstein first convicted of sex trafficking?,2008,340,TEMPORAL,Is temporal,2008,year
How old was Nicki Minaj when she married Kenneth Petty in 2019?,37 years old,347,TEMPORAL,Is temporal,37 years old,year
For how many years was Nicki Minaj with her second partner?,3,347,COUNT,Is temporal,3,year
How long was Nicki Minaj with her first partner when she started performing?,4 years,347,TEMPORAL,Is temporal,4 years,year
How many years has Nicki Minaj been active in her career?,18 years,347,TEMPORAL,Is temporal,18 years,year
How old was Minaj when her career began?,22,347,AGE,Is temporal,22,year
How long after Minaj's career began did she marry Kenneth Petty?,15 years,347,TEMPORAL,Is temporal,15 years,year
How old was Nicki Minaj when she ended her partnership with Safaree Samuels?,32,347,AGE,Is temporal,32,year
How many years between Nicki Minaj's relationship between Safaree Samuels and Meek Mill?,1 year.,347,TEMPORAL,Is temporal,One year.,year
How old was Nicki Minaj when she got married?,36,347,AGE,Is temporal,36,year
When did Nicki Minaj break up with her first partner?,2014,347,TEMPORAL,Is temporal,2014,not defined
How much longer did Minaj's relationship with Safaree Samuels last than with Meek Mill?,12 years,347,TEMPORAL,Is temporal,12 years,year
How many years was Paul Gauguin married to Teha'amana?,2,349,COUNT,Is temporal,2,year
What age did Paul Gauguin die at?,54,349,AGE,Is temporal,54,not defined
How many years ago did Paul Gauguin die?,119,349,COUNT,Is temporal,119,year
At what age Paul Gauguin married Mette-Sophie Gad?,25,349,AGE,Is temporal,25,year
At what age Paul Gauguin seperated Mette-Sophie Gad?,46,349,AGE,Is temporal,46,year
At what age Paul Gauguin seperated Teha'amana?,45,349,AGE,Is temporal,45,year
How many years was Paul Gauguin married to Mette-Sophie Gad?,21,349,COUNT,Is temporal,21,year
How old was Pierre Auguste Cot when he died?,46,350,AGE,Is temporal,46,year
When did Pierre Auguste Cot write The Storm?,He wrote the storm in 1880.,350,TEMPORAL,Is temporal,He wrote the storm in 1880.,not defined
How old was Pierre Auguste Cot at his death?,46,350,AGE,Is temporal,46,year
When did Pierre Auguste Cot write Springtime?,He wrote springtime in 1873.,350,TEMPORAL,Is temporal,He wrote springtime in 1873.,not defined
How old was Pierre Auguste Cot when he painted The Storm?,43,350,AGE,Is temporal,43,year
In what year was Pierre Auguste Cot born?,1837,350,TEMPORAL,Is temporal,1837,year
What is the date of birth of Pierre Auguste Cot?,17 February 1837,350,TEMPORAL,Is temporal,17 February 1837,not defined
When was Pierre Auguste Cot born?,"Pierre Auguste Cot was born on February 17, 1873.",350,TEMPORAL,Is temporal,"Pierre Auguste Cot was born on February 17, 1873.",not defined
At what age did Pierre Auguste Cot finish The Storm?,43,350,AGE,Is temporal,43,year
At what age Stephen Hawking married Jane Wilde?,23,352,AGE,Is temporal,23,year
At what age Stephen Hawking divorced Jane Wilde?,53,352,AGE,Is temporal,53,year
At what age Stephen Hawking married Elaine Mason?,53,352,AGE,Is temporal,53,year
How old was Stephen Hawking when he wrote his Thesis in 1966?,24 years old,352,TEMPORAL,Is temporal,24 years old,year
How many years ago did Stephen Hawking was died?,4 Year ago,352,TEMPORAL,Is temporal,4 Year ago,year
What year did Stephen Hawking win the Presidential Medal of Freedom?,2009,352,TEMPORAL,Is temporal,2009,year
How old was Stephen Hawking when he married his first wife in 1965?,23 years old,352,TEMPORAL,Is temporal,23 years old,year
How many years before Stephen Hawking died did he win the Copley Medal?,12,352,COUNT,Is temporal,12,year
At what age did Stephen Hawking divorce his first wife?,53,352,AGE,Is temporal,53,year
How many years did Stephen Hawking and Jane Wilde was married relatioship?,30 years,352,TEMPORAL,Is temporal,30 years,year
How many years ago did Stephen Hawking released the Properties of Expanding Universes?,56 Years ago,352,TEMPORAL,Is temporal,56 Years ago,year
How old was Stephen Hawking when he was awarded the BBVA Foundation Frontiers of Knowledge Award in 2015?,73 years old,352,TEMPORAL,Is temporal,73 years old,year
At what age did Stephen Hawking win the Hughs Medal?,34,352,AGE,Is temporal,34,year
How old was Stephen Hawking when he died?,76,352,AGE,Is temporal,76,year
At what age did Steve Jobs become active in his career?,21,353,AGE,Is temporal,21,year
How many years after becoming active did Steve Jobs get married?,15,353,COUNT,Is temporal,15,year
Chrisann Brennan and Steven Paul jobs are Partner for how long?,5,353,UNKNOWN,Is temporal,5,not defined
How many years ago did Steve Jobs was died?,11 years ago,353,TEMPORAL,Is temporal,11 years ago,year
What is the age of Steve Jobs when married Laurene Powell​?,Age of 36,353,AGE,Is temporal,Age of 36,year
How many years ago did Steve Jobs presenting the iPhone 4?,12 Years ago,353,TEMPORAL,Is temporal,12 Years ago,year
At what age did Steve Jobs marry his spouse?,36,353,AGE,Is temporal,36,year
Steven Paul Jobs at what age marry Laurene Powell?,36,353,UNKNOWN,Is temporal,36,not defined
At what age did Steve Jobs end his partnership with Chrisann Brennan?,22,353,AGE,Is temporal,22,year
How many years was Steve Jobs active in his career?,35 years,353,TEMPORAL,Is temporal,35 years,year
How many years Steven Paul Jobs and Chrisann Brennan are partners?,5,353,COUNT,Is temporal,5,year
How many years after first becoming active did Steve Jobs get married?,15,353,COUNT,Is temporal,15,year
How many years was Steve Jobs in a relationship with his partner Chrisann Brennan?,5 years,353,TEMPORAL,Is temporal,5 years,year
How old was Steve Jobs when he married Laurene Powell in 1991​?,36 years old,353,TEMPORAL,Is temporal,36 years old,year
At what age did Steve Jobs first have a partner?,17,353,AGE,Is temporal,17,year
"What is the year of his notable work ""The Gross Clinic""?",1875,356,TEMPORAL,Is temporal,1875,not defined
How old was Thomas Eakins when he died?,71,356,AGE,Is temporal,71,year
What year did Thomas Eakins paint The Gross Clinic?,1875,356,TEMPORAL,Is temporal,1875,year
How old was Thomas Eakins when he painted Max Schmitt in a Single Scull?,27 years old,356,TEMPORAL,Is temporal,27 years old,year
At what age his work The Agnew Clinic Clinic came?,45,356,AGE,Is temporal,45,year
At what age Thomas Eakins die?,71,356,AGE,Is temporal,71,year
At what age his work The Gross Clinic came?,31,356,AGE,Is temporal,31,year
How old was Alimuddin Zumla when he won the 2021 EU-EDCTP Pascoal Mocumbi Prize?,66 years old,364,TEMPORAL,Is temporal,66 years old,year
How old was Alimuddin Zumla when he won the 1999  Weber-Parkes Trust Medal?,45 years old,364,TEMPORAL,Is temporal,45 years old,year
What year did Alimuddin Zumla win the Union Medal?,2018,364,TEMPORAL,Is temporal,2018,year
How old was Zumla when he won the Mahathir Science Award?,65,364,AGE,Is temporal,65,year
How long after Zumla wrote his thesis did he win the  Weber-Parkes Trust Medal?,12 years,364,TEMPORAL,Is temporal,12 years,year
How many years are between when Zumla won the EU-EDCTP Pascoal Mocumbi Prize and the Karolinska Institutet Science Award?,9,364,COUNT,Is temporal,9,year
How old was Adolf von Baeyer when he won the Nobel Prize for Chemistry?,70 years old,369,TEMPORAL,Is temporal,70 years old,year
At what age Adolf von Baeyer married Adelheid Bendemann?,32,369,AGE,Is temporal,32,year
At what age does Adolf von Baeyer receive Nobel Prize?,69,369,AGE,Is temporal,69,year
How old was he when he won the Nobel?,70,369,AGE,Is temporal,70,year
How old was he when he got married?,33,369,AGE,Is temporal,33,year
How old was Adolf von Baeyer when he got married?,33 years old,369,TEMPORAL,Is temporal,33 years old,year
How many years before his death did Adolf von Baeyer win the Nobel Prize in Chemistry?,12 years,369,TEMPORAL,Is temporal,12 years,year
How long had Adolf von Baeyer been married when he won the Davy Medal?,13 years,369,TEMPORAL,Is temporal,13 years,year
At what age does Adolf von Baeyer received Nobel Prize?,69,369,AGE,Is temporal,69,year
How many years before Johann Friedrich Wilhelm Adolf Baeyer's death did he win the Nobel Prize for Chemistry?,12,369,COUNT,Is temporal,12,year
At what age did Johann Friedrich Wilhelm Adolf Baeyer win the Davy Medal?,51,369,AGE,Is temporal,51,year
How many years after marrying his spouse did Johann Friedrich Wilhelm Adolf Baeyer win the Liebig Medal?,35,369,COUNT,Is temporal,35,year
At what age Albert A. Michelson married his first wife Margaret Hemingway?,24,370,AGE,Is temporal,24,year
When did Albert A. Michelson marry Edna Stanton?,1899,370,TEMPORAL,Is temporal,1899,not defined
How old was he when he won the Nobel Prize?,55,370,AGE,Is temporal,55,year
At what age Albert A. Michelson die?,78,370,AGE,Is temporal,78,year
How many years after his divorce did Albert A. Michelson get remarried?,1 year,370,TEMPORAL,Is temporal,1 year,year
At what age Albert A. Michelson married his second wife Edna Stanton?,46,370,AGE,Is temporal,46,year
How old was Albert A. Michelson when he got married for the first time?,25 years old,370,TEMPORAL,Is temporal,25 years old,year
How many years between his first award and last award?,26,370,COUNT,Is temporal,26,year
What year did Art Wilson play for the Cleveland Indians?,1921,400,TEMPORAL,Is temporal,1921,year
How old was Art Wilson when he made his MLB debut in 1908?,23 years old,400,TEMPORAL,Is temporal,23 years old,year
How much longer did Wilson play for the New York Giants than the Boston Braves?,3 years,400,TEMPORAL,Is temporal,3 years,year
How long after his last MLB appearance did Wilson die?,39 years,400,TEMPORAL,Is temporal,39 years,year
How many years did Art Wilson play for MLB?,13 years,400,TEMPORAL,Is temporal,13 years,year
How many years after his MLB debut did Art Wilson play for the Pittsburgh Pirates?,8,400,COUNT,Is temporal,8,year
What was Art Wilson's last year playing in the Major League?,1921,400,UNKNOWN,Is temporal,1921,not defined
How many years did Babe Young play for MLB?,12 years,401,TEMPORAL,Is temporal,12 years,year
How old was Young when he made his MLB debut?,21,401,AGE,Is temporal,21,year
How many years longer did Young play for the New York Giants the second time than for the Cincinnati Reds?,2,401,COUNT,Is temporal,2,year
How many years after his final MLB appearance did Young die?,35,401,COUNT,Is temporal,35,year
What year did Babe Young make his MBL debut?,1936,401,TEMPORAL,Is temporal,1936,year
How old was Babe Young when he began his career with MLB?,21 years old,401,TEMPORAL,Is temporal,21 years old,year
How many years did Babe Young was played for Cincinnati Reds?,2 Years,401,TEMPORAL,Is temporal,2 Years,year
What was the age of Babe Young When he played MLB debut?,Age of 21,401,AGE,Is temporal,Age of 21,year
How long after McCoy made his last MLB appearance did he die?,70 years,405,TEMPORAL,Is temporal,70 years,year
How long after making his MLB debut did McCoy play for the Philadelphia Athletics?,2 years,405,TEMPORAL,Is temporal,2 years,year
How old was McCoy when he made his MLB debut?,23,405,AGE,Is temporal,23,year
For how many years did Benny McCoy play professional baseball?,3,405,COUNT,Is temporal,3,year
How many total years did Benny McCoy for MLB?,3 years,405,TEMPORAL,Is temporal,3 years,year
When was the last season that Benny McCoy played professionally?,1941,405,TEMPORAL,Is temporal,1941,year
How old was Benny McCoy when he made his MLB debut?,23 years old,405,TEMPORAL,Is temporal,23 years old,year
How may years did Benny McCoy play for the Detroit Tigers?,1 year,405,TEMPORAL,Is temporal,1 year,year
How many years ago did Current constitution was established in Brazil?,34 Years ago (1988),424,TEMPORAL,Is temporal,34 Years ago (1988),not defined
How many years ago did Brazil was declared as republic?,133 years ago (1889),424,TEMPORAL,Is temporal,133 years ago (1889),not defined
How many years were between the end of the reign of the last monarch and when Denmark-Norway was established?,14,430,COUNT,Is temporal,14,year
How long did the Kalmar Union last?,140 years,430,TEMPORAL,Is temporal,140 years,year
How many years did the last monarch of the Kalmar Union rule?,10 years,430,TEMPORAL,Is temporal,10 years,year
How long after the inception of The Kalmar Union did the reign of Eric of Pomerania end?,35 years,430,TEMPORAL,Is temporal,35 years,year
How many years long was in the last reign of the Kalmar Union?,10,430,COUNT,Is temporal,10,year
How many years was José Manuel de Herrera the Prime Minister of Mexican Empire?,1 year,433,TEMPORAL,Is temporal,1 year,year
How many months after the Plan of Iguala did the Independence of Mexico happen?,7,433,COUNT,Is temporal,seven,not defined
How many years did the Mexican Empire last?,2 years,433,TEMPORAL,Is temporal,2 years,year
How long after the Plan of Iguala was the Independence of Mexico?,7 months,433,TEMPORAL,Is temporal,7 months,not defined
How many years was José Manuel de Herrera Prime Minister of the Mexican Empire?,1 year,433,TEMPORAL,Is temporal,1 year,year
How many years prior to Agustin I's rule was the Plan of Iguala?,1 year,433,TEMPORAL,Is temporal,1 year,year
How long after the French occupation of Algeria was its independence?,132 years,436,TEMPORAL,Is temporal,132 years,year
How many years longer was the time between  Hammadid dynasty and the Zayyanid dynasty and the Rustamid dynasty and the Zirid dynasty?,25,436,COUNT,Is temporal,25,year
How many days after the Belarusian People's Republic formation did Belarus gain Independence from Russia?,17 Days,438,TEMPORAL,Is temporal,17 Days,not defined
How long has Belarus been under it's current Constitution?,28 years,438,TEMPORAL,Is temporal,28 years,year
How many years were there between Independence from Russia and Independence from the USSR?,73 years,438,TEMPORAL,Is temporal,73 years,year
How much time elapsed between when Mars Express was inserted and when Beagle 2 landed?,6 minutes,452,TEMPORAL,Is temporal,6 minutes,not defined
How many days does Mars Express travelled in space to reach mars?,206 days travelled,452,TEMPORAL,Is temporal,206 days travelled,not defined
How many years ago did Mars Express did Orbital insertion?,9 Years ago,452,TEMPORAL,Is temporal,9 Years ago,year
How many month left the Mars Express mission duration?,7 month left,452,TEMPORAL,Is temporal,7 month left,not defined
How many days did it take for Mars Express to reach Mars?,5 months 25 days,452,TEMPORAL,Is temporal,5 months 25 days,not defined
"If Mars Express begins its orbit at 10:00 am, what time will it reach the same point?",5:30 pm,452,TEMPORAL,Is temporal,5:30 pm,not defined
"Rounding up, what was the difference in planned and elapsed time of the Orbiter Mission duration?",4 years.,457,TEMPORAL,Is temporal,4 years.,year
How many days Chandrayaan-2 was landed in moon after launch?,46 days,457,TEMPORAL,Is temporal,46 days,not defined
How many days Chandrayaan-2 was Orbital insertion held after launch?,29 days,457,TEMPORAL,Is temporal,29 days,not defined
How many years ago did Chandrayaan-2 was launched?,3 Years ago (2019),457,TEMPORAL,Is temporal,3 Years ago (2019),not defined
What was the difference between planned and elapsed time of Vikramlander mission duration?,14 days,457,TEMPORAL,Is temporal,14 days,not defined
How many years longer is the orbiter's planned mission duration than it's current elapsed duration?,5,457,COUNT,Is temporal,5,year
How long after the launch date was the moon lander's landing date?,2 months,457,TEMPORAL,Is temporal,2 months,not defined
Around what year would Chandrayaan-2's orbiters planned mission duration end according to the launch date?,2027,457,TEMPORAL,Is temporal,2027,year
How many days did the Chandrayaan-2 passed between launch date and landing date?,46 Days,457,TEMPORAL,Is temporal,46 Days,not defined
When did the Black Dog Halt first become known by that name?,8 June 1953,464,TEMPORAL,Is temporal,8 June 1953,not defined
When did the Black Dog Halt fall into disuse?,20 September 1965,464,UNKNOWN,Is temporal,20 September 1965,not defined
For how many years did Black Dog Siding operate under its original name?,90,464,COUNT,Is temporal,90,year
How long did Black Dog Siding remain open?,102 years,464,TEMPORAL,Is temporal,102 years,year
When did the Black Dog Halt first operated?,3 November 1863,464,TEMPORAL,Is temporal,3 November 1863,not defined
On what date was the second opening of the Cheltenham Spa station?,7 July 1919,465,TEMPORAL,Is temporal,7 July 1919,not defined
When was the first opening of the Cheltenham Spa station?,30 March 1908,465,TEMPORAL,Is temporal,30 March 1908,not defined
How many year before the station closed for the last time was the picture taken?,7,465,COUNT,Is temporal,7,not defined
How long after originally opening as  Cheltenham Malvern Road was it renamed Cheltenham Spa Malvern Road?,17 years,465,TEMPORAL,Is temporal,17 years,year
How many years did Cheltenham Spa station was working from re-opened in 1919?,47 Years,465,TEMPORAL,Is temporal,47 Years,year
How many years ago did Cheltenham Spa station was opened in  Malvern Road?,114 years ago,465,TEMPORAL,Is temporal,114 years ago,year
How many years was the Cheltenham Spa station open before it closed for the first time?,9 years,465,TEMPORAL,Is temporal,9 years,year
When did AC/DC debut?,1973,468,TEMPORAL,Is temporal,1973,not defined
How long has the band AC/DC been active in the music scene?,49 years,468,TEMPORAL,Is temporal,49 years,year
How many years has AC/DC been a band?,39,468,COUNT,Is temporal,39,year
When was  AC/DC formed?,1973,468,TEMPORAL,Is temporal,1973,not defined
How many years has AC/DC been performing?,49 years,468,TEMPORAL,Is temporal,49 years,year
What year was Percy Faith born?,1908,472,TEMPORAL,Is temporal,1908,year
What year did Percy Faith die?,1976,472,TEMPORAL,Is temporal,1976,year
How old was Percy Faith when he died?,67,472,AGE,Is temporal,67,year
If Percy Faith had died three month later in 1976 how old would he have been?,68 years old,472,TEMPORAL,Is temporal,68 years old,year
While at work in 1949 how old was Faith?,41 years old,472,TEMPORAL,Is temporal,41 years old,year
What year would Percy Faith have to have died to have lived to be 100 years old?,2008,472,TEMPORAL,Is temporal,2008,year
How long ago did Faith die?,46,472,UNKNOWN,Is temporal,46,not defined
How old was  Owen when he began is senior career?,17,479,AGE,Is temporal,17,year
How old was Michael Owen the year he went to Real Madrid?,25,479,AGE,Is temporal,25,year
How many years were there between when Owen began to play for Real Madrid and stopped playing for Manchester United?,8,479,COUNT,Is temporal,8,year
How many more years did Owen play for Liverpool than Newcastle United?,4,479,COUNT,Is temporal,4,not defined
How long did Michael Owen senior career last?,17 years,479,TEMPORAL,Is temporal,17 years,year
How old was Draško Nenadić when he started playing for the national team?,22,492,AGE,Is temporal,22,year
For how many years did Draško Nenadić play with his first team?,3,492,COUNT,Is temporal,3,year
When was the first time that Emilie Hegh Arntzen won a medal in the European Championships?,2014,493,TEMPORAL,Is temporal,2014,year
When was the last time that Emilie Hegh Arntzen has won a medal in any competition?,2021,493,TEMPORAL,Is temporal,2021,year
How many years are between Arntzen's gold medal at the Croatia/Hungary	European Championship and her gold medal at the Spain World Championship?,7,493,COUNT,Is temporal,7,year
How old was Arntzen when she began to play for her first senior club?,16,493,AGE,Is temporal,16,year
When was the last time that  Emilie Hegh Arntzen received a medal in the World Championships?,2020,493,TEMPORAL,Is temporal,2020,year
In what year did  Emilie Hegh Arntzen receive their last medal?,2021,493,TEMPORAL,Is temporal,2021,year
How many years did Emilie Hegh Arntzen was played for Byåsen HE from 2014?,3 Years,493,TEMPORAL,Is temporal,3 Years,year
How old was Arntzen when she began playing for CSM București?,27,493,AGE,Is temporal,27,year
How many years separate Arntzen's most recent gold medal and her earliest gold medal?,7,493,COUNT,Is temporal,7,year
How many years longer did Hasanefendić manage Switzerland than VfL Gummersbach?,3,503,COUNT,Is temporal,3,year
What was the age when Sead Hasanefendić was worked as manager for GWD Minden in 2013?,Age of 65,503,AGE,Is temporal,Age of 65,year
How many years did Sead Hasanefendić was worked as manager for Switzerland team from 1980?,6 Years,503,TEMPORAL,Is temporal,6 Years,year
How old was Hasanefendić when he managed his first team?,31,503,AGE,Is temporal,31,year
How longer after Hasanefendić stop managing RK Metaloplastika did he begin managing his current team?,38 years,503,TEMPORAL,Is temporal,38 years,year
How many years did Žarko Marković was played for Montenegro?,6 years (2006-2012),504,TEMPORAL,Is temporal,Six years (2006-2012),not defined
How many years did Žarko Marković play for Montegengro?,6,504,COUNT,Is temporal,6,year
For how many years did Žarko Marković play for Montenegro?,7,504,COUNT,Is temporal,7,year
Which year did Novak Djokovic won the hat-tricks title of Australian Open?,2011-2013 and 2019-2021,509,TEMPORAL,Is temporal,2011-2013 and 2019-2021,not defined
What year did Novak Djokovic win his first U.S. Open?,2011,509,TEMPORAL,Is temporal,2011,year
How old was Novak Djokovic when he competed in the Olympic Games?,21 years old,509,TEMPORAL,Is temporal,21 years old,year
For how many years did Roger Federer  play professionally before achieving his highest ranking?,6,512,COUNT,Is temporal,6,year
How many years after turning pro did Roger Federer win a silver Olympic medal?,14,512,COUNT,Is temporal,14,year
How old was Roger Federer when he go his first Olympic gold medal?,27 years,512,TEMPORAL,Is temporal,27 years,year
How many years after getting the Olympic gold medal did Roger Federer get his Olympic silver medal?,4 years,512,TEMPORAL,Is temporal,4 years,year
At what age did Roger Federer get his highest ranking?,23 years,512,TEMPORAL,Is temporal,23 years,year
How many years were between Franchitti's first race in his  IndyCar Series career and his first race in his Champ Car career?,5,516,COUNT,Is temporal,5,year
What was age when Dario Franchitti won BRDC Gold Star in 2009?,Age of 36,516,AGE,Is temporal,Age of 36,year
How much longer was Franchitti's IndyCar Series career than his NASCAR Camping World Truck Series career?,9 years,516,TEMPORAL,Is temporal,9 years,year
How many years had Dario Franchitti been retired from IndyCar when he was elected to the Motorsports Hall of Fame?,7 years,516,TEMPORAL,Is temporal,7 years,year
How many years did Davy Jones compete in the Le Mans division?,4,517,COUNT,Is temporal,four,year
When was the last year that Davy Jones competed in the Le Mans division?,1996,517,TEMPORAL,Is temporal,1996,year
How many years did Davy Jones race the 24 Hours of Le Mans career?,4 years,517,TEMPORAL,Is temporal,4 years,year
What is the number of years that Davy Jones competed in the 24 Hours of Le Mans race?,5,517,COUNT,Is temporal,5,not defined
In what year would Davy Jones have been 30?,1994,517,TEMPORAL,Is temporal,1994,year
What year did Davy Jones run his first Daytona 500 race?,1995,517,TEMPORAL,Is temporal,1995,year
How old was Davy Jones when he made his first Daytona 500 apperance?,31 years old,517,TEMPORAL,Is temporal,31 years old,year
How many years after his debut in his Stadium Super Trucks career did Gordon win a silver medal at the Summer X Games?,2,518,COUNT,Is temporal,2,year
What was age when Robby Gordon first race in NASCAR Cup Series career?,Age of 22 (1991),518,AGE,Is temporal,Age of 22 (1991),not defined
How many years ago did Robby Gordon won Stadium Super Trucks?,9 Years ago,518,TEMPORAL,Is temporal,9 Years ago,year
How much longer was Gordon's NASCAR Xfinity Series career than his IndyCar Series career?,2 years,518,TEMPORAL,Is temporal,2 years,year
What was the age when Ryan Hunter-Reay won Skip Barber National champion in 1999?,Age of 19,521,AGE,Is temporal,Age of 19,year
What was the distance in years between his first and last win on the IndyCar coruti?,10 years,521,TEMPORAL,Is temporal,10 years,year
How old was Hinter-Reay when he won IndyCar Rookie of the Year?,26,521,AGE,Is temporal,26,year
How many years did Ryan Hunter-Reay was participated in Rolex Grand-Am Sports Car Series from 2006?,7 Years,521,TEMPORAL,Is temporal,7 Years,year
How many years ago did Ryan Hunter-Reay won WorldCom Rising Star Award?,20 Years ago,521,TEMPORAL,Is temporal,20 Years ago,year
How many years ago did Timo Glock last race in Formula One World Championship career?,10 Years ago (2012),523,TEMPORAL,Is temporal,10 Years ago (2012),not defined
What was the age when Timo Glock participated in Formula BMW 2001?,Age of 19,523,AGE,Is temporal,Age of 19,year
How many years were between Glock's best finish in his  DTM career and his first best finish in his Champ Car career?,13,523,COUNT,Is temporal,13,year
How old was Glock for his last entry in the Formula One World Championship?,30,523,AGE,Is temporal,30,year
How many years after Dennis Erickson's first coaching job did he become head coach for the Salt Lake Stallions?,50,540,COUNT,Is temporal,50,year
In what year did Dennis Erickson receive his second national champion award?,1991,540,TEMPORAL,Is temporal,1991,year
When was the last year that Dennis Erickson coached for an NFL team?,2004,540,TEMPORAL,Is temporal,2004,year
How many years did Dennis Erickson worked as Head coach for Idaho from 1982?,3 Years,540,TEMPORAL,Is temporal,3 Years,year
What was the age when Dennis Erickson won Big Sky Champion in 1985?,Age of 38,540,AGE,Is temporal,Age of 38,year
What year did Dennis Erickson coach at Billings Central Catholic High School?,1971,540,TEMPORAL,Is temporal,1971,year
What was the age when Derrell Palmer awarded TCU Hall of Fame in 1978?,Age of 56,546,AGE,Is temporal,Age of 56,year
How many years did Derrell Palmer play for the Cleveland Browns?,4 years,546,TEMPORAL,Is temporal,4 years,year
How old was Derrell Palmer when he entered the NFL draft?,21 years old,546,TEMPORAL,Is temporal,21 years old,year
When did Derrell Palmer last play a professional sport?,1953,546,TEMPORAL,Is temporal,1953,not defined
How many total years did Derrell Palmer play for the NFL?,7 years,546,TEMPORAL,Is temporal,7 years,year
How many years ago did Derrell Palmer was died?,13 Years ago (2009),546,TEMPORAL,Is temporal,13 Years ago (2009),not defined
What was the age when Derrick Brooks won NFL Defensive Player of the Year in 2002?,Age of 29,547,AGE,Is temporal,Age of 29,year
What year was the most illustrious of Brooks' career?,2002,547,TEMPORAL,Is temporal,2002,year
When was the last time that Derrick Summers made the second team all arena?,2018,551,TEMPORAL,Is temporal,2018,year
How old was Derrick Summers when he played for the Jacksonville Sharks in 2011?,23 years old,551,TEMPORAL,Is temporal,23 years old,year
How many years did Derrick Summers have in his playing career?,8 years,551,TEMPORAL,Is temporal,8 years,year
How many years did Derrick Summers play for the Jacksonville Sharks?,3,551,COUNT,Is temporal,3,year
How old was Emmitt Smith when he graduated college?,20,558,AGE,Is temporal,20,year
How old was Emmitt Smith when he played in the Pro Bowl the last time?,30,558,AGE,Is temporal,30,year
How many years did Emmitt Smith play for the Dallas Cowboys?,12 years,558,TEMPORAL,Is temporal,12 years,year
How old was Emmitt Smith when he began playing for the Dallas Cowboys?,21 years old,558,TEMPORAL,Is temporal,21 years old,year
What is the age when Emmitt Smith  was received the award of NFL Most Valuable Player 1993?,At the age of 24,558,AGE,Is temporal,At the age of 24,not defined
How many years did Emmitt Smith was played for Dallas Cowboys?,12 years (1990-2002),558,TEMPORAL,Is temporal,12 years (1990-2002),not defined
How long before Jeelani died did his NBA career end?,37 years,561,TEMPORAL,Is temporal,37 years,year
When was the last year of college for Abdul Jeelani?,1976,561,TEMPORAL,Is temporal,1976,year
How long did Abdul Jeelani's playing career last?,13 years,561,TEMPORAL,Is temporal,13 years,year
For how many years did Abdul Jeelani play professional basketball?,13,561,COUNT,Is temporal,13,year
How old was Jeelani when he first played for the Dallas Mavericks?,26,561,AGE,Is temporal,26,year
When did Abdul Jeelani start attending college?,1972,561,TEMPORAL,Is temporal,1972,not defined
How much longer was Jeelani's NBA career than his college career?,9 years,561,TEMPORAL,Is temporal,9 years,year
How old was Belus Smawley when he attended Appalachian State in 1939?,21 years old,566,TEMPORAL,Is temporal,21 years old,year
How long was Belus Smawley playing career?,6 years,566,TEMPORAL,Is temporal,6 years,year
How old was Smawley when he started playing for the 	St. Louis Bombers?,28,566,AGE,Is temporal,28,year
How much longer did Smawley coach for Pembroke State than played for the Baltimore Bullets?,3 years,566,TEMPORAL,Is temporal,3 years,year
How long did Belus Smawley's coaching career last?,5 years,566,TEMPORAL,Is temporal,5 years,year
How many years did Belus Smawley was active carreer since 1946?,6 Years (1946-1952),566,TEMPORAL,Is temporal,6 Years (1946-1952),not defined
What year did Bill Hewitt play for the Chicago Bulls?,1974,568,TEMPORAL,Is temporal,1974,year
How many years did Bill Hewitt play in his career?,6 years,568,TEMPORAL,Is temporal,6 years,year
How long did Bill Hewitt play for the Lakers?,1 year,568,TEMPORAL,Is temporal,1 year,year
How old was Hewitt when he played for the Chicago Bulls?,30,568,AGE,Is temporal,30,year
How much longer did Hewitt's NBA career last than his college career?,2 years,568,TEMPORAL,Is temporal,2 years,year
How many years does Bill Hewitt was in active career?,6 Years (1968–1974),568,TEMPORAL,Is temporal,6 Years (1968–1974),not defined
What was the age when Bill Hosket was received the award of NBA champion (1970)?,Age of 24,569,AGE,Is temporal,Age of 24,year
How much longer was Hosket's NBA career than his college career?,1 year,569,TEMPORAL,Is temporal,1 year,year
How many years did Bill Hosket play in his career?,4 years,569,TEMPORAL,Is temporal,4 years,year
What year did Bill Hosket win a gold medal in the Olympic Games?,1968,569,TEMPORAL,Is temporal,1968,year
How many years did Bill Hosket was played for Buffalo Braves?,2 Years (1970-1972),569,TEMPORAL,Is temporal,2 Years (1970-1972),not defined
How many years after entering the NBA draft did Hosket play for the Buffalo Braves?,2,569,COUNT,Is temporal,2,year
What was the age of Janice Lawrence Braxton When he played Olympic Games?,Age of 22,577,AGE,Is temporal,Age of 22,year
How old was Janice Lawrence Braxton when she entered the WNBA Draft?,35 years old,577,TEMPORAL,Is temporal,35 years old,year
How old was Braxton when she won a silver medal in Rio De Janiero?,19,577,AGE,Is temporal,19,year
How many years after winning a gold medal at the Olympic Games did Braxton play for the Cleveland Rockers?,13,577,COUNT,Is temporal,13,year
What year did Janice Lawrence Braxton win a gold medal in the Olympics?,1984,577,TEMPORAL,Is temporal,1984,year
What year did Marcos Leite win gold in the FIBA AmeriCup games?,1984,579,TEMPORAL,Is temporal,1984,year
How many year did Marcos Leite playing career last?,22 years,579,TEMPORAL,Is temporal,22 years,year
How many years longer was Leite's playing career than his college career?,9,579,COUNT,Is temporal,9,year
How old was Stéphane Antiga when he won the FIVB World Championship?,26 years old,588,TEMPORAL,Is temporal,26 years old,year
How many years were between the time Antiga first played professionally and when he began coaching?,20,588,COUNT,Is temporal,20,year
How old was Antiga when he first played for Paris Volley?,22,588,AGE,Is temporal,22,year
How old was Stéphane Antiga the year he medaled in Argentina?,26,588,AGE,Is temporal,26,year
How long after 20th Century Studios was founded was it owned by Walt Disney?,84 years,592,TEMPORAL,Is temporal,84 years,year
How much longer was 20th Century Studios owned by News Corporation than 21st Century Fox?,12 years,592,TEMPORAL,Is temporal,12 years,year
"How many years has 20th Century Studios, Inc. been in existence?",87 years,592,TEMPORAL,Is temporal,87 years,year
"When did the most recent owner of 20th Century Studios, Inc. acquire the company?",2019,592,TEMPORAL,Is temporal,2019,not defined
How many years has 888 Holdings PLC been in existence?,25 years,595,TEMPORAL,Is temporal,25 years,year
For how many years was ATT known as Southwestern Bell Corporation?,12,597,COUNT,Is temporal,12,year
for how long has the current ATT logo been in use?,6 years,597,TEMPORAL,Is temporal,6 years,year
How long ago was AT&T Inc. founded?,39 years,597,TEMPORAL,Is temporal,39 years,year
How long had AT&T been known by a different name?,22 years,597,TEMPORAL,Is temporal,22 years,year
When is Ambassadors Group was founded?,"Spokane, Washington (1967)",600,UNKNOWN,Is temporal,"Spokane, Washington (1967)",not defined
"Which year is founded of Ambassadors Group, Inc?",1967,600,TEMPORAL,Is temporal,1967,not defined
When was the University of Cambridge was established?, 1209,606,TEMPORAL,Is temporal, 1209,not defined
How many years ago University of Cambridge Founded?,813 years ago,606,TEMPORAL,Is temporal,813 years ago,year
When was University of Cambridge founded?,1209,606,TEMPORAL,Is temporal,1209,not defined
When was the University of Cambridge established?,1209 AD,606,TEMPORAL,Is temporal,1209 AD,not defined
How many years was Yale University known as Collegiate School?,17 years,611,TEMPORAL,Is temporal,17 years,year
How many years ago did Collegiate School was named Yale College?,304 years ago,611,TEMPORAL,Is temporal,304 years ago,year
How many years did Yale University was named Collegiate School?,17 Years,611,TEMPORAL,Is temporal,17 Years,year
How many years has Yale University been in existance?,321 years,611,TEMPORAL,Is temporal,321 years,year
How many years passed between the ground breaking and the opening of the Carrier Dome?,2,621,COUNT,Is temporal,2,year
In what decade was the capacity of the Carrier Dome the greatest?,80s,621,UNKNOWN,Is temporal,80s,not defined
How many years ago this Jacobs University Bremen Established?,21 years ago,624,TEMPORAL,Is temporal,21 years ago,year
When was Jacobs university founded?,2001,624,TEMPORAL,Is temporal,2001,not defined
How long did it take for NYSE to go from US$20.161 trillion volume to US$26.2 trillion marketcap?,10 years,626,TEMPORAL,Is temporal,10 years,year
How many years after finding NYSE was its volume US$20.161 trillion?,219 years,626,TEMPORAL,Is temporal,219 years,year
"After how many years of finding the NYSE, did its market cap reach $26.2 trillion?",229 years,626,TEMPORAL,Is temporal,229 years,year
What was the opening date of the New York Stock Exchange?,"May 17, 1792",626,TEMPORAL,Is temporal,"May 17, 1792",not defined
What year was the New York Stock Exchange founded?,1792,626,TEMPORAL,Is temporal,1792,year
How many years ago this New York Stock Exchange Founded?,229 years ago,626,TEMPORAL,Is temporal,229 years ago,year
In what year was the NYSE founded?,1792,626,TEMPORAL,Is temporal,1792,year
How many years was the stadium called Tractor Stadium?,14,627,COUNT,Is temporal,14,year
When did OSC Metalist Stadium first open?,1926,627,TEMPORAL,Is temporal,1926,not defined
How long after breaking ground did OSC Metalist open?,1 year,627,TEMPORAL,Is temporal,1 year,year
How many years after opening was OSC Metalist renovated?,83 years,627,TEMPORAL,Is temporal,83 years,year
How many years after opening was the stadium renovated?,83,627,COUNT,Is temporal,83,year
When was second Launch Pad became operational?,5 May 2005,628,TEMPORAL,Is temporal,5 May 2005,not defined
How many years after the first launch at the Satish Dhawan Space Centre did the first launch from its second launch pad occur?,26,628,COUNT,Is temporal,26,year
In what year did the first launch occur at the Satish Dhawan Space Centre?,1979,628,TEMPORAL,Is temporal,1979,year
Which year Satish Dhawan Space Centre named?,2002,628,TEMPORAL,Is temporal,2002,not defined
Which year is last launch?,1991,629,TEMPORAL,Is temporal,1991,not defined
Which year is first launch?,1977,629,TEMPORAL,Is temporal,1977,not defined
What year did the first launch from Site 200 occur?,1980,629,TEMPORAL,Is temporal,1980,year
What was the time difference between the first launch and the last launch at 200/39?,Almost 22 years,629,TEMPORAL,Is temporal,Almost 22 years,not defined
What was the time difference between the first and last launch at the site 200/40 site?,Almost 14 years,629,TEMPORAL,Is temporal,Almost 14 years,not defined
when did the inquest was occuring?,26 and 27 April 1882.,634,TEMPORAL,Is temporal,26 and 27 April 1882.,not defined
When was the last time that Blaze Riorden won a medal at the World Indoor Lacrosse Championship?,2019,642,TEMPORAL,Is temporal,2019,year
How many years apart were the medals that Blaze Riorden won at the World Indoor Lacrosse Championship?,4 years,642,TEMPORAL,Is temporal,4 years,year
When was the most recent time that Blaze Riorden was an all star in the PLL?,2021,642,TEMPORAL,Is temporal,2021,year
What was the age when Blaze Riorden won America East Defensive Player of the Year in 2016?,Age of 22,642,AGE,Is temporal,Age of 22,year
How many years ago Brandon Miller career started?,21 Years ago,644,TEMPORAL,Is temporal,21 Years ago,year
When was the first time that Brandon Miller was the Mann Cup Champion?,2002,644,TEMPORAL,Is temporal,2002,year
How long was it between when Brandon Miller won the Harry Lumley Trophy the first time and the last time?,12 years,644,TEMPORAL,Is temporal,12 years,year
What was the age when Brandon Miller won NLL All-Star award in 2007?,Age of 28,644,AGE,Is temporal,Age of 28,year
What years did Brandon Miller win more than one award?,"2007, 2008, 2013, 2014",644,TEMPORAL,Is temporal,"2007, 2008, 2013, 2014",year
When was the most recent time that Brandon Miller was the Mann Cup Champion?,2014,644,TEMPORAL,Is temporal,2014,year
When was the first time that Brandon Miller won the Harry Lumley Trophy?,2002,644,TEMPORAL,Is temporal,2002,year
At what age did Brandon Miller earn a spot on the 2nd Team All-Pro?,34,644,AGE,Is temporal,34,year
When Dylon Molloy started his career?,2017,655,TEMPORAL,Is temporal,2017,not defined
How long has Dylan Molloy been playing professionally?,5 years,655,TEMPORAL,Is temporal,5 years,year
How many years after winning the USILA player of the year did Dylan Molloy become a pro?,1,655,COUNT,Is temporal,1,year
How many years ago was Dylan Molloy the USILA Player of the Year?,6,655,COUNT,Is temporal,6,year
When was the first time that Frank Urso was an NCAA D-I Champion?,1975,656,TEMPORAL,Is temporal,1975,year
When was the most recent time that Frank Urso was on the All-American team?,1976,656,TEMPORAL,Is temporal,1976,year
How many years before Frank Urso began his pro career was he inducted into the U.S. Lacrosse Hall of Fame?,6,656,COUNT,Is temporal,6,year
What years did Frank Urso earn more than one title?,"1974, 1975, 1976",656,TEMPORAL,Is temporal,"1974, 1975, 1976",year
How long after Frank Urso earned his first NCAA D-1 Champion title did he compete in the World Lacross Championship?,1 year,656,TEMPORAL,Is temporal,1 year,year
How many years ago did Frank Urso awarded Division I Player of the Year?,47 years ago,656,TEMPORAL,Is temporal,47 years ago,year
When was the last time that Frank Urso was the Midfielder of the Year?,1976,656,TEMPORAL,Is temporal,1976,year
What year did Alicia Coutts win Olympic gold?,2012,665,TEMPORAL,Is temporal,2012,year
How old was Alicia Coutts when she won her gold medal in the 2012 Olympics?,25 years old,665,TEMPORAL,Is temporal,25 years old,year
What was age when Alicia Coutts won first gold medal in Pan Pacific Championships 2014?,27,665,AGE,Is temporal,27,not defined
How old was Carolijn Brouwer when she first competed in the ISAF World Youth Championships?,18,668,AGE,Is temporal,18,year
What was the last year that Carolijn Brouwer won a gold medal in the World Championships?,1998,668,TEMPORAL,Is temporal,1998,not defined
How old was Carolijn Brouwer when she won her last gold medal in the World Championships?,25 years old,668,TEMPORAL,Is temporal,25 years old,year
What year did Carolijn Brouwer win a silver medal representing Belgium in the World CHampionships?,2007,668,TEMPORAL,Is temporal,2007,year
What was the age when Carolijn Brouwer won first gold medal in ISAF World Youth Championships 1991?,Age of 18,668,AGE,Is temporal,Age of 18,year
How many years were there between Carolijn Brouwer competing for the Netherlands and Belgium?,6,668,COUNT,Is temporal,6,year
Which year did Charlotte Atkinson win the most of all medals combined?,2015,669,TEMPORAL,Is temporal,2015,not defined
What year did Charlotte Atkinson win the most gold medals?,2015,669,TEMPORAL,Is temporal,2015,year
What year did Charlotte Atkinson win her first bronze medal in the Island Games?,2011,669,TEMPORAL,Is temporal,2011,year
How old was Charlotte Atkinson when she won the gold in the European Championships?,22 years old,669,TEMPORAL,Is temporal,22 years old,year
How many years after winning a bronze medal in the Isle of Wight 200 m medley did Atkinson win a gold medal at the 2018 Glasgow 4×100 m mixed medley?,7,669,COUNT,Is temporal,7,year
In what year did Atkinson win the most gold medals?,2015,669,TEMPORAL,Is temporal,2015,year
How old was Atkinson when she won her first gold medal?,15,669,AGE,Is temporal,15,year
What was the age when Claire Leroy won first gold medal in 2007 World Championships?,Age of 27,671,AGE,Is temporal,Age of 27,year
How old was Claire Leroy When she won gold for the 2007 World Championships?,27 years old,671,TEMPORAL,Is temporal,27 years old,year
How many years apart were there when Claire Leroy won her gold World Championships medals?,1,671,COUNT,Is temporal,one,year
When did Claire Leroy win her most recent World Championships medal?,2011,671,TEMPORAL,Is temporal,2011,not defined
How many years did it take for Claire Leroy to win a gold medal after her first bronze medal?,3 years,671,TEMPORAL,Is temporal,3 years,year
How old was Claire Leroy when she won her first World Championships medal?,27,671,AGE,Is temporal,27,year
What year did Heiko Kroeger win a gold medal in the Olympics in Sydney?,2000,677,TEMPORAL,Is temporal,2000,year
How old was Heiko Kroeger when he won a gold medal in the 2000 Olympics?,34 years old,677,TEMPORAL,Is temporal,34 years old,year
What was the age when Heiko Kroeger was won first gold in Paralympic Games 2000?,Age of 34,677,AGE,Is temporal,Age of 34,year
How many years did Heiko Kroeger have before getting another medal after his gold medal in the 2000 Olympics?,12 years,677,TEMPORAL,Is temporal,12 years,year
When was Marina Alabau's most recent appearance in the European Championships?,2012,688,TEMPORAL,Is temporal,2012,not defined
What year did Marina Alabau play their first World Championships game in Women's sailboarding?,2009,688,TEMPORAL,Is temporal,2009,year
How old was Marina Alabau when she won gold in the 2012 Olympics?,27 years old,688,TEMPORAL,Is temporal,27 years old,year
What was the age when Marina Alabau  played in Olympic Games 2012?,Age of 27,688,AGE,Is temporal,Age of 27,year
How many years ago was Catch 22 published?,61,702,COUNT,Is temporal,61,year
The follow up to Catch-22 was published in what year?,1994,702,TEMPORAL,Is temporal,1994,year
When was the book Catch-22 first published?,1961,702,TEMPORAL,Is temporal,1961,year
How many years ago was Catch-22 published?,61 years,702,TEMPORAL,Is temporal,61 years,year
What year did the first edition hardback of Catch-22 release?,1961,702,TEMPORAL,Is temporal,1961,year
When did Catch-22 received its publication date?,"November 10, 1961",702,TEMPORAL,Is temporal,"November 10, 1961",not defined
Catch-22 was first printed when?,1961,702,UNKNOWN,Is temporal,1961,not defined
How long between Quadri's highest rank and his silver and the Commonwealth games?,4 years,710,TEMPORAL,Is temporal,4 years,year
What year did Aruna Quadri achieve his highest ranking?,2022,710,TEMPORAL,Is temporal,2022,year
How old was Aruna Quadri when he reached number 10?,33,710,AGE,Is temporal,33,year
How many months ago was Aruna Quadri's highest ranking?,1,710,COUNT,Is temporal,one,not defined
How old was Aruna Quadri when he won the silver in the 2018 Gold Coast Commonwealth Games?,30 years old,710,TEMPORAL,Is temporal,30 years old,year
How old was Quadri when he won the sliver at the Commonwealth Games?,30,710,AGE,Is temporal,30,year
How many months are between Quadri's current rank and his highest rank?,1,710,COUNT,Is temporal,1,not defined
What year did Aruna Quadri win a silver medal in the Commonwealth Games?,2018,710,TEMPORAL,Is temporal,2018,year
Which year founded in Valderøy Church?,1961,714,TEMPORAL,Is temporal,1961,not defined
When was Valderoy Church was founded?,1961,714,TEMPORAL,Is temporal,1961,not defined
When was Valderoy Church was Consecrated?,29 July 1961,714,TEMPORAL,Is temporal,29 July 1961,not defined
How many years ago did Valderøy Church was consecrated?,61 years ago,714,TEMPORAL,Is temporal,61 years ago,year
How long was the Valen Chapel open after completion?,166 years,715,TEMPORAL,Is temporal,166 years,year
How many years was the Valen Chapel completed when it was consecrated?,242 years,715,TEMPORAL,Is temporal,242 years,year
How long has the church been open in total?,239 years,715,TEMPORAL,Is temporal,239 years,year
What was the age of the church when it was consecrated?,242 years old,715,TEMPORAL,Is temporal,242 years old,year
When is Valen kapell church was found?,13th century,715,TEMPORAL,Is temporal,13th century,not defined
How old was the church when it intially closed?,166 years old,715,TEMPORAL,Is temporal,166 years old,year
When Valen kapell  was closed?,1873-1949,715,TEMPORAL,Is temporal,1873-1949,not defined
How long did it take for the consecration of the Valen Chapel take from the time it was closed?,76 years,715,TEMPORAL,Is temporal,76 years,year
How many days did All Hallows Twickenham was construction completed after ground breaking in 11 July 1939?,487 days,719,TEMPORAL,Is temporal,487 days,not defined
How many years ago did  All Hallows Twickenham was Designated as Grade I?,70 Years ago (1952),719,TEMPORAL,Is temporal,70 Years ago (1952),not defined
What year was the Palace of Westminster built?,1016,726,TEMPORAL,Is temporal,1016,year
What year did the Palace of Westminster become a World Historical Site?,2008,726,TEMPORAL,Is temporal,2008,year
How many years did it take to rebuild the Palace of Westminster?,36 years,726,TEMPORAL,Is temporal,36 years,year
How many years after its demolition did the rebuilding of the Palace of Westminster begin?,4,726,COUNT,Is temporal,4,year
How many years takes to rebuild Palace of Westminster?,36 years,726,TEMPORAL,Is temporal,36 years,year
How old was Palace of Westminster?,1006 years,726,TEMPORAL,Is temporal,1006 years,year
How many years after it was built did the Palace of Westminister catch on fire?,822,726,COUNT,Is temporal,822,year
How old was Timoshenko when he began skating?,5,735,AGE,Is temporal,5,year
How many years after Timoshenko began skating did he win his first gold medeal?,14,735,COUNT,Is temporal,14,year
How many years did Daria Timoshenko skate for Azerbaijan?,6 years,735,TEMPORAL,Is temporal,6 years,year
How old was Daria Timoshenko when she began skating?,5,735,AGE,Is temporal,5,year
How many years did Daria Timoshenko skate before retiring?,21 years,735,TEMPORAL,Is temporal,21 years,year
What year did Daria Timoshenko win a gold medal in the World Junior Championships?,1999,735,TEMPORAL,Is temporal,1999,year
At what age did Gorshkovabegin skating?,5 years old,743,TEMPORAL,Is temporal,5 years old,year
How many years after winning a bronze medal at the World Junior Championships did Gorshkova achvieve a personal best score for  Comp. dance?,2,743,COUNT,Is temporal,2,year
How long after Gorshkova began skating did she win her first medal?,14 years,743,TEMPORAL,Is temporal,14 years,year
How many total years (terms) does Joe Biden hold as Chair of the Senate Foreign Relations Committee?,6 years (2 terms),743,TEMPORAL,Is temporal,6 years (2 terms),not defined
How old was Kristina Gorshkova when she began skaing?,4 years old,743,TEMPORAL,Is temporal,4 years old,year
. Who was Joe Biden married to when he was first elected to the Senate?,44 years,743,TEMPORAL,Is temporal,44 years,year
How old was Gorshkova when she won a gold medal?,22,743,AGE,Is temporal,22,year
How long after Kristina Gorshkova began skating did she win her first medal in the Junior Grand Prix Final?,14 years,743,TEMPORAL,Is temporal,14 years,year
What year did Kristina Gorshkova win a gold medal at the Winter Universiade?,2011,743,TEMPORAL,Is temporal,2011,year
What was the age when Max Aaron began skating?,Age of 4,747,AGE,Is temporal,Age of 4,year
How many years after the second marriage did Joe Biden become POTUS?,44 years,747,TEMPORAL,Is temporal,44 years,year
How old was Aron when first began skating?,4,747,AGE,Is temporal,4,year
How long after achieving a personal best score for short program did Aron retire?,3 years,747,TEMPORAL,Is temporal,3 years,year
How old was Max Aaron when he began skating?,4 years old,747,TEMPORAL,Is temporal,4 years old,year
How long did Max Aaron skate before he retired in 2018?,22 years,747,TEMPORAL,Is temporal,22 years,year
How many days ago did Max Aaron was retired?,1704 days ago,747,TEMPORAL,Is temporal,1704 days ago,not defined
What was the time span between all medals that Shabalin won?,2000-01 and 2010,748,TEMPORAL,Is temporal,2000-01 and 2010,not defined
What was Shabalin's age when he won his sole Olympic medal?,28,748,UNKNOWN,Is temporal,28,not defined
When did Maxim Shabalin last win a medal in the European Championships?,2010,748,TEMPORAL,Is temporal,2010,not defined
When was the first time that Maxim Shabalin won a medal in the World Junior Championships?,2001,748,TEMPORAL,Is temporal,2001,year
How old was Maxim Shabalin when he began skating?,5,748,AGE,Is temporal,5,year
What was age when Maxim Shabalin was began skating?,Age of 5 (1987),748,AGE,Is temporal,Age of 5 (1987),not defined
How long did the second renovation of the Birmingham–Jefferson Convention Complex take?,3 years,751,TEMPORAL,Is temporal,3 years,year
How many years did Birmingham–Jefferson Convention Complex was functional before Renovated in 2009?,37 Years,751,TEMPORAL,Is temporal,37 Years,year
How long after the Birmingham–Jefferson Convention Complex was opened was it first renovated?,37 years,751,TEMPORAL,Is temporal,37 years,year
When was the first renovation of the Birmingham–Jefferson Convention Complex?,2009,751,TEMPORAL,Is temporal,2009,year
How many years longer was the second renovation than the first of the Birmingham–Jefferson Convention Complex?,2,751,COUNT,Is temporal,2,year
What was the first date someone could enter the Birmingham–Jefferson Convention Complex?,1972,751,UNKNOWN,Is temporal,1972,not defined
How long after Miloš Obrenović 's reign as Grand Vožd of Serbia ended did his second reign as Prince of Serbia begin?,41 years,765,TEMPORAL,Is temporal,41 years,year
How many years elapsed between reigns of Prince of Serbia for Miloš Obrenović I?,19 years,765,TEMPORAL,Is temporal,19 years,year
How many years was Miloš Obrenović I reign in which Karađorđe was his successor last?,2 years,765,TEMPORAL,Is temporal,2 years,year
How many years ago did Miloš Obrenović I was died?,207 Years ago,765,TEMPORAL,Is temporal,207 Years ago,year
How many years before his death did Miloš Obrenović I begin his second reign as the Prince of Serbia?,2,765,COUNT,Is temporal,2,year
How much longer was Miloš Obrenović 's first reign as Prince of Serbia and his reign as Grand Vožd of Serbia?,20 years,765,TEMPORAL,Is temporal,20 years,year
How many years did Bev Francis was debuted his first match?,39 Years ago,778,TEMPORAL,Is temporal,39 Years ago,year
How long was the career of Bev Francis?,8 years,778,TEMPORAL,Is temporal,8 years,year
How long was Bev Francis's professional career?,8 years,778,TEMPORAL,Is temporal,8 years,year
How many years after her best win did Bev Francis retire?,4 years,778,TEMPORAL,Is temporal,4 years,year
How old was Bev Francis when she made her pro-debut in 1983?,28 years old,778,TEMPORAL,Is temporal,28 years old,year
How old was Bev Francis when she turned pro?,28,778,AGE,Is temporal,28,year
What was the age when Bev Francis was retired from his career?,Age of 36,778,AGE,Is temporal,Age of 36,year
How many years between Bev Francis Pro-debut in 1983 and her best win?,4 years,778,TEMPORAL,Is temporal,4 years,year
How many years after turning 18 did Pettersen win a gold medal at the Junior World Championships?,1,781,COUNT,Is temporal,1,year
How many years were between Pettersen's first gold medal and his last?,4,781,COUNT,Is temporal,4,year
What year did Brit Pettersen make her World Cup appearance?,1982,781,TEMPORAL,Is temporal,1982,year
How many years did Brit Pettersen attend the World Cup?,7,781,COUNT,Is temporal,7,year
What year did Henrieta Farkašová win a bronze medal in the Sochi Olympics?,2014,791,TEMPORAL,Is temporal,2014,year
How old was Henrieta Farkašová when she won a gold medal in the 2022 Olympics?,36 years old,791,TEMPORAL,Is temporal,36 years old,year
When was the most recent date that Henrieta Farkašová won a medal in the World Championships?,2021,791,TEMPORAL,Is temporal,2021,year
When was the first time that Henrieta Farkašová won a medal in any competition?,2009,791,TEMPORAL,Is temporal,2009,year
When was the first time that Henrieta Farkašová won a gold medal in the World Championships?,2009,791,TEMPORAL,Is temporal,2009,year
What was the age when Henrieta Farkašová was first played in IPC Alpine Skiing World Championships 2009?,Age of 23,791,AGE,Is temporal,Age of 23,year
What year did Henrieta Farkašová win her first gold medal in the Paralympic Games?,2010,791,TEMPORAL,Is temporal,2010,year
How old was Henrieta Farkašová when she won her last gold medal in the 2022 Beijing Games?,36 years old,791,TEMPORAL,Is temporal,36 years old,year
In what year did  Kaija Parve-Helinurm the most medals?,1985,793,TEMPORAL,Is temporal,1985,year
What year did Kaija Parve win her last gold medal in the World Championships?,1988,793,TEMPORAL,Is temporal,1988,year
How many years in a row did Kaija Parve win a gold medal in the Women's biathlon?,5,793,COUNT,Is temporal,5,year
How old was Kaija Parve when she went to her first World Cup?,20 years old,793,TEMPORAL,Is temporal,20 years old,year
How old was Kaija Parve when she won her last gold medal in the 1988 Chamonix World Championships?,24 years old,793,TEMPORAL,Is temporal,24 years old,year
How old was Marja-Liisa Kirvesniemi when she first won an Olympic gold medal?,29,804,AGE,Is temporal,29,year
When was the age when Marja-Liisa Kirvesniemi won first gold medal in 1978 World Championships?,Age of 23,804,UNKNOWN,Is temporal,Age of 23,year
How old was Marja-Liisa Kirvesniemi when she got divorced?,56,804,AGE,Is temporal,56,year
How many years was Marja-Liisa Kirvesniemi married to Harri Kirvesniemi?,27 years,804,TEMPORAL,Is temporal,27 years,year
How many years did Melissa L. Coates work professionally?,18 years,806,TEMPORAL,Is temporal,18 years,year
How many days ago did Melissa L. Coates was died?,551 days ago,806,TEMPORAL,Is temporal,551 days ago,not defined
What was the age when Melissa L. Coates retired from Wrestling?,Age of 49,806,AGE,Is temporal,Age of 49,year
How many years did Melissa L. Coates played Professional Wrestling?,24 Years,806,TEMPORAL,Is temporal,24 Years,year
How long after Melissa Coates retired did she pass away?,1 year,806,TEMPORAL,Is temporal,1 year,year
What age was Melissa Coates when she debuted at the IFBB Jan Tana Classic?,25,806,AGE,Is temporal,25,not defined
How many years after retiring did Melissa L. Coates die?,1 year,806,TEMPORAL,Is temporal,1 year,year
How old was Melissa L. Coates when her professional career started?,31,806,AGE,Is temporal,31,year
How old was Ambrose Rayappan when he became Archbishop Emeritus of Pondicherry and Cuddalore?,52 years,817,TEMPORAL,Is temporal,52 years,year
How long after his term as Archbishop Emeritus of Pondicherry and Cuddalore did Ambrose Rayappan die?,26 years,817,TEMPORAL,Is temporal,26 years,year
How long did Ambrose Rayappan serve as Archbishop Emeritus of Pondicherry and Cuddalore?,20 years,817,TEMPORAL,Is temporal,20 years,year
How many years after his term ended did Ambrose Rayappan die?,26,817,COUNT,Is temporal,26,year
How many years passed between Ambrose Rayappan's ordination and consecration?,19,817,COUNT,Is temporal,19,year
How old was Ambrose Rayappan when he was ordained?,22,817,AGE,Is temporal,22,year
How many years ago did Ambrose Rayappan was died?,23 Years ago,817,TEMPORAL,Is temporal,23 Years ago,year
How many years did Ambrose Rayappan was worked as Archbishop Emeritus of Pondicherry and Cuddalore from 1953?,20 Years,817,TEMPORAL,Is temporal,20 Years,year
How old was Alojzije Mišić when he became the Bishop of Mostar-Duvno and Apostolic Administrator of Trebinje-Mrkan?,53 years old,824,TEMPORAL,Is temporal,53 years old,year
How long after Alojzije Mišić was ordained did he become the Bishop of Mostar-Duvno and Apostolic Administrator of Trebinje-Mrkan?,30 years,824,TEMPORAL,Is temporal,30 years,year
What was the time.between Music's ordination and consecration?,Nearly 30 years,824,TEMPORAL,Is temporal,Nearly 30 years,not defined
How long was Music's bishop term for?,Nearly 30 years,824,TEMPORAL,Is temporal,Nearly 30 years,not defined
How long was the longest tenure of another post Music ever held?,10 years,824,TEMPORAL,Is temporal,10 years,year
How old was Alojzije Mišić when he was conscecrated?,53 years old,824,TEMPORAL,Is temporal,53 years old,year
How many years did Alojzije Mišić serve as the Bishop of Mostar-Duvno?,30,824,COUNT,Is temporal,30,year
How many years was Alojzije Mišić the Bishop of Mostar-Duvno and Apostolic Administrator of Trebinje-Mrkan?,30 years,824,TEMPORAL,Is temporal,30 years,year
How many years after Alphonse Gallegos ordination was his consecration?,23 years,829,TEMPORAL,Is temporal,23 years,year
How old was Alphonse Gallegos when he became Auxiliary Bishop of Sacramento?,60 years old,829,TEMPORAL,Is temporal,60 years old,year
How old was Alphonse Gallegos when he was ordained?,27,829,AGE,Is temporal,27,year
How many years before Alphonse Gallegos died was he consecrated?,10,829,COUNT,Is temporal,10,year
"When Alphonse Gallegos was Auxiliary Bishop of Sacramento, for how many years was he also Titular Bishop of Sasabe?",10,829,COUNT,Is temporal,10,not defined
How many years did Alphonse Gallegos was worked as Auxiliary Bishop of Sacramento?,10 Years,829,TEMPORAL,Is temporal,10 Years,year
"How many years ago did Alphonse Gallegos was died in Sacramento, California, United States?",31 Years ago,829,TEMPORAL,Is temporal,31 Years ago,year
What was the age when Alphonse Gallegos was appointed as Auxiliary Bishop of Sacramento in 1981?,Age of 50,829,AGE,Is temporal,Age of 50,year
How long did Alphonse Gallegos serve as Auxiliary Bishop of Sacramento?,10 years,829,TEMPORAL,Is temporal,10 years,year
How many years longer was Riguccini on team Balistic than X1 Boxing?,10,840,COUNT,Is temporal,10,year
How old was Alessandro Riguccini when he began his career in 1999?,11 years old,840,TEMPORAL,Is temporal,11 years old,year
How many years has Alessandro Riguccini been active in his career?,23 years,840,TEMPORAL,Is temporal,23 years,year
How long was Alessandro Riguccini with his second team?,2 years,840,TEMPORAL,Is temporal,2 years,year
When did Alessandro Riguccini's martial arts career start?,1999,840,TEMPORAL,Is temporal,1999,not defined
How long after becoming active did Riguccini join Zanfer Promotions?,13 years,840,TEMPORAL,Is temporal,13 years,year
How old was Riguccini when he became active as a fighter?,11,840,AGE,Is temporal,11,year
What year was Bustamantel's most decorated?,1998,849,TEMPORAL,Is temporal,1998,year
How many years has it been since Bustamante has fought?,10,849,COUNT,Is temporal,Ten,year
How many years was Murilo Bustamante active in the MMA?,21,849,COUNT,Is temporal,21,year
What was Murilo Bustamante's age when he attended the Brazilian National Championship for the first time?,30,849,UNKNOWN,Is temporal,30,not defined
How old was Murilo Bustamante when he won the gold medal in the 1999 Brazilian National Championship?,33 years old,849,TEMPORAL,Is temporal,33 years old,year
How old was Murilo Bustamante when he began his MMA career?,25 years old,849,TEMPORAL,Is temporal,25 years old,year
How many years was Murilo Bustamante active in his MMA career?,21 years,849,TEMPORAL,Is temporal,21 years,year
How old was Mohammad Yamin when he took office as 6th Minister of Law,47,861,AGE,Is temporal,47,year
How much longer was Yamin in office as 8th Minister of National Education than 6th Minister of Law?,1 year,861,TEMPORAL,Is temporal,1 year,year
How long after leaving office as 8th Minister of National Education did Yamin take office as 14th Minister of Information?,7 years,861,TEMPORAL,Is temporal,7 years,year
How many years did Mohammad Yamin serve as Minister of National Education?,2 years,861,TEMPORAL,Is temporal,2 years,year
How many days did Mohammad Yamin was in minister of law?,342 days,861,TEMPORAL,Is temporal,342 days,not defined
What was the age when Mohammad Yamin was Minister of National Education in 1953?,Age of 50,861,AGE,Is temporal,Age of 50,year
How old was Mohammad Yamin when he became Minister of Information?,59 years old,861,TEMPORAL,Is temporal,59 years old,year
For how many years was Arnold Schwarzenegger the governor of California?,8,866,COUNT,Is temporal,8,year
How old was Arnold Schwarzenegger when he got married?,29,866,AGE,Is temporal,29,year
How long was Arnold Schwarzenegger married for?,35,866,UNKNOWN,Is temporal,35,not defined
How many years did Arnold Schwarzenegger was worked as Governor of California?,8 Years,866,TEMPORAL,Is temporal,8 Years,year
How many years ago did Arnold Schwarzenegger was served in military?,57 Years ago,866,TEMPORAL,Is temporal,57 Years ago,year
When was Arnold Schwarzenegger born?,"July 30, 1947(age 75) Thal, Styria, Allied-occupied Austria",866,TEMPORAL,Is temporal,"July 30, 1947(age 75) Thal, Styria, Allied-occupied Austria",not defined
For how long was Richard Caswell married to his wife?,5 years,904,TEMPORAL,Is temporal,5 years,year
How much longer was Caswell's term as 1st Governor of North Carolina than his term as 2nd Grand Master of the Masons of North Carolina?,3 years,904,TEMPORAL,Is temporal,3 years,year
How old was Richard Caswell when he married Sarah Herritage?,29,904,AGE,Is temporal,29,year
How old was Richard Caswell when he got married?,23,904,AGE,Is temporal,23,year
How long after the death of his first wife did Caswell die?,42 years,904,TEMPORAL,Is temporal,42 years,year
When did Richard Caswell get into politics?,1776,904,TEMPORAL,Is temporal,1776,not defined
What year did Aslam Watanjar begin serving as Minister of Communications?,1980,913,TEMPORAL,Is temporal,1980,year
How old was Aslam Watanjar when he finally stopped serving the Afghanistan Army?,46,913,AGE,Is temporal,46,year
How many years did Aslam Watanjar serve in the military?,33 years,913,TEMPORAL,Is temporal,33 years,year
How old was Aslam Watanjar when he took office as the Minister of Defence?,44,913,AGE,Is temporal,44,year
How many years was Aslam Watanjar Minister of Defense?,2 years,913,TEMPORAL,Is temporal,2 years,year
How much longer was Watanjar in office during his third term as Minister of Internal Affairs than his first term?,1 year,913,TEMPORAL,Is temporal,1 year,year
How long after beginning his military service did Watanjar first take office as Minister of Communications?,11 years,913,TEMPORAL,Is temporal,11 years,year
How old was Watanjar when he took office as Minister of Defence?,44,913,AGE,Is temporal,44,year
How old was Theo Bot when he last served as Permanent Representative of the Netherlands to the IAEA?,65 years old,915,TEMPORAL,Is temporal,65 years old,year
How old was Theo Bot when he married Elisabeth van Hal?,25 years old,915,TEMPORAL,Is temporal,25 years old,year
How many years did Theo Bot serve as Ambassador of the Netherlands to Austria?,3 years,915,TEMPORAL,Is temporal,3 years,year
How long after Bot's son Ben was born did he take office as State Secretary for the Interior?,22 years,915,TEMPORAL,Is temporal,22 years,year
How old was Theo Bot when he served in active duty in the East Indies Army?,29,915,AGE,Is temporal,29,year
"How much longer was Theo Bot in office as Ambassador of the Netherlands to Canada than Minister of Education, Arts and Sciences?",3 years,915,TEMPORAL,Is temporal,3 years,year
How many years was Theo Bot in the Reserve before going to active duty?,4,915,COUNT,Is temporal,four,year
How many months was Theo Bot Ambassador to Austria?,37,915,COUNT,Is temporal,37,not defined
At what age did Theo Bot become Ambassador to Canada?,56,915,AGE,Is temporal,56,year
How much longer was Mohammad-Ali Foroughi's second term as 22nd Prime Minister of Iran than his first term?,1 year,928,TEMPORAL,Is temporal,1 year,year
How old was Mohammad-Ali Foroughi the year he took office as Minister of Justice?,36,928,AGE,Is temporal,36,year
How many years was Mohammad-Ali Foroughi a member of the Parliament of Iran?,12 years,928,TEMPORAL,Is temporal,12 years,year
How old was Mohammad-Ali Foroughi when he became a member of the Parliament of Iran?,32 years old,928,TEMPORAL,Is temporal,32 years old,year
How many years did Mohammad-Ali Foroughi serve as Prime Minister of Iran?,1 year,928,TEMPORAL,Is temporal,1 year,year
How many days did Mohammad-Ali Foroughi as Speaker of the Parliament?,4 Days,928,TEMPORAL,Is temporal,4 Days,not defined
How long after becoming Member of the Parliament of Iran did Mohammad-Ali Foroughi become Minister of Foreign Affairs?,14 years,928,TEMPORAL,Is temporal,14 years,year
How long after Dick King-Smith became a widower did he remarry?,1 year,929,TEMPORAL,Is temporal,1 year,year
How long was  Dick King-Smith married to his second wife?,10 years,929,TEMPORAL,Is temporal,10 years,year
When did  Dick King-Smith get married to his first wife?,1943,929,TEMPORAL,Is temporal,1943,not defined
How long after  Dick King-Smith's first wife died did he get married to his second wife?,1 year,929,TEMPORAL,Is temporal,one year,year
How many years ago did Dick King-Smith won Guardian Prize?,38 Years ago,929,TEMPORAL,Is temporal,38 Years ago,year
How many years had Dick King-Smith been a children's author when he married his second wife?,23,929,COUNT,Is temporal,23,year
How many years after the last election for the Vancouver City Council will the next take place?,4,935,COUNT,Is temporal,four,year
How many days ago did Vancouver City Council members elected?,1349 days ago,935,TEMPORAL,Is temporal,1349 days ago,not defined
How many days to go for next election for Vancouver City Council?,107 days after,935,TEMPORAL,Is temporal,107 days after,not defined
How many years after Becca Balint became President pro tempore of the Senate did Alison Clarkson become Senate Majority Leader?,0,936,COUNT,Is temporal,zero,year
How many years after Anthony Pollina became Senate Progressive Leader did Molly Gray become President of the Senate?,10,936,COUNT,Is temporal,10,year
How long between when Patricia McCoy became House Minority Leader and the next general election?,3 years,936,TEMPORAL,Is temporal,3 years,year
How many days before the general election of Vermont General Assembly was taken place?,"603 days before (November 3, 2020)",936,TEMPORAL,Is temporal,"603 days before (November 3, 2020)",not defined
How many years after the last Vermont General Assembly general election will the next one take place?,2,936,COUNT,Is temporal,two,year
How many years after Anthony Pollina became Senate Progressive Leader did Randy Brock become Senate Minority Leader?,10,936,COUNT,Is temporal,10,year
How much length of this movie?,It might be 62:12.,942,TEMPORAL,Is temporal,It might be 62:12.,not defined
Which year can released the movie zoe jane?,"april 5,2004",942,TEMPORAL,Is temporal,"april 5,2004",not defined
"How many months before ""Price to Play"" was  ""How About You"" released?",8 months,942,TEMPORAL,Is temporal,8 months,not defined
"How long before Chapter V was ""So Far Away"" released?",2 years,942,TEMPORAL,Is temporal,2 years,year
How many years after Break the Cycle did Chapter V come out?,4 years,942,TEMPORAL,Is temporal,4 years,year
How long did it take from the first single released until the fourth single was released on the album 14 Shades of Grey?,1 year,942,TEMPORAL,Is temporal,one year,year
How many years was it until the next album after 14 Shades of Grey was released?,2,942,COUNT,Is temporal,two,year
What was the release date for the singe Homicide off of the Confessions of a Dangerous Mind album?,"May 3, 2019",948,TEMPORAL,Is temporal,"May 3, 2019",not defined
What year did Confessions of a Dangerous Mind release?,2019,948,TEMPORAL,Is temporal,2019,year
How many months was the release of the first single from Confessions of a Dangerous Mind released was the album himself released?,4,948,COUNT,Is temporal,4,not defined
How many years after was the next related event compared to the Men's 4 × 200 metre freestyle relay at the Games of the XXXI Olympiad?,4,963,COUNT,Is temporal,4,year
How many months had already passed completely in the year before the Men's 4 × 200 metre freestyle relay at the Games of the XXXI Olympiad occurred?,7,963,COUNT,Is temporal,7,not defined
How many years before was the previous related event compared to the Men's 4 × 200 metre freestyle relay at the Games of the XXXI Olympiad?,4,963,COUNT,Is temporal,4,year
The general election results that the 2021 Myanmar protests want to recognise happened how many years prior?,1,964,COUNT,Is temporal,1,not defined
How many years after Myanmar coup d'état  was the date to which elections were deferred?,2,964,COUNT,Is temporal,2,year
How long after the start of the protests did the death count total 47 police officers and 7 soldiers?,3 months,964,TEMPORAL,Is temporal,3 months,not defined
How old was the Constitution when the 2021 Myanmar Spring Revolution took place?,13 years,964,TEMPORAL,Is temporal,13 years,year
How long is it possible for the earliest detainees of the Myanmar Spring Revolution to have been detained as of today?,16 months,964,TEMPORAL,Is temporal,16 months,not defined
How many years prior to the protests was the constitution that they sought to abolish drafted?,13,964,COUNT,Is temporal,13,year
"How many months after the start of the 2021 Myanmar protests did the total death toll reach 2,091?",3,964,COUNT,Is temporal,3,not defined
What number of years old was the constitution at the time that the 2021 Myanmar protests aim to abolish?,13,964,COUNT,Is temporal,13,not defined
How many months after the war started was the Croatian Army formed?,2,966,COUNT,Is temporal,two,not defined
How many years did Libya supported to Ethiopian Civil War?,8 Years,979,TEMPORAL,Is temporal,8 Years,year
How many days did Ethiopian Civil War Wars last?,6102 days,979,TEMPORAL,Is temporal,6102 days,not defined
During what year did Russia's support end and Israel's support begin?,1990,979,TEMPORAL,Is temporal,1990,year
How many years after the beginning of the war did PDR Ethiopia become a belligerent?,13,979,COUNT,Is temporal,13,year
How many more years did Libya support the EPRDF than it supported the other side in the Ethiopian Civil War?,2,979,COUNT,Is temporal,two,not defined
How many years were between when the first cease fire was established and when a wider conflict erupted?,5,990,COUNT,Is temporal,5,year
How many more years was Mostafa Pourmohammadi a leader than Ali Shamkhani?,2,990,COUNT,Is temporal,2,not defined
How long after the start of the Iran–PJAK conflict was the United States allegedly a supporter of Iran?,5 years,990,TEMPORAL,Is temporal,5 years,year
How many years did Mohd. Ibrahim Moustafa as leader of Egyptian Army?,2 Years (2013-2015),1006,TEMPORAL,Is temporal,2 Years (2013-2015),not defined
How many years ago did Terrorism in Egypt started?,9 Years ago (2013),1006,TEMPORAL,Is temporal,9 Years ago (2013),not defined
How many years longer was Sedki a leader or commander than Mohd. Ibrahim Moustafa?,2,1006,COUNT,Is temporal,2,year
How long after the terrorism in Egypt began did Wilayat Sinai become a belligerent?,1 year,1006,TEMPORAL,Is temporal,1 year,year
How much longer was Italy and Axis belligerent than Hungary?,2 years,1012,TEMPORAL,Is temporal,2 years,year
How long after Walter von Brauchitsch became a leader was Franklin D. Roosevelt one as well?,5 years,1012,TEMPORAL,Is temporal,5 years,year
How many years ago did Western Sahara War was ended?,31 Years ago,1014,TEMPORAL,Is temporal,31 Years ago,year
How many years did Mauritania participated in Western Sahara War from 1975?,4 Years,1014,TEMPORAL,Is temporal,4 Years,year
How many years after the beginning of the war was the Mauritanian retreat and withdrawal?,4,1014,COUNT,Is temporal,4,year
How much longer was Mauritania a belligerent than France.,3 years,1014,TEMPORAL,Is temporal,3 years,year
How long after the start of the Gaza–Israel conflict did Sudan stop being a belligerent?,9 years,1018,TEMPORAL,Is temporal,9 years,year
How many years longer was Ashkenazi a leader in the conflict than Ehud Olmert?,2,1018,COUNT,Is temporal,2,year
How many years did Argentina supported the Salvadoran Civil War?,4 Years (upto 1983),1022,TEMPORAL,Is temporal,4 Years (upto 1983),not defined
How many years ago did Salvadoran Civil War ended?,30 years ago,1022,TEMPORAL,Is temporal,30 years ago,year
How many years into the war was picture of Ronald Reagan  and José Napoleón Duarte taken?,6,1022,COUNT,Is temporal,6,year
How long had the Salvadoran Civil War gone on when North Korea quit?,11 years,1022,TEMPORAL,Is temporal,11 years,year
How many years were between the time China first appeared in the Summer Olympic and first appeared in the Winter Olympics?,28,1024,COUNT,Is temporal,28,year
What was the last year that China appeared at both the Summer and Winter Olympics in the same year?,1992,1024,TEMPORAL,Is temporal,1992,not defined
When did China first have a year at the Winter Olympics but not at the Summer Olympics?,1994,1024,TEMPORAL,Is temporal,1994,not defined
From which year does Hungary  participated in Winter Olympics?,1924,1026,TEMPORAL,Is temporal,1924,not defined
How many years does Hungary participated in Summer Olympics appearances?,29 Years,1026,TEMPORAL,Is temporal,29 Years,year
What year gap does Hungary have in its latest summer and winter appearance?,2 years,1026,TEMPORAL,Is temporal,2 years,year
How many years after its first summer appearance did Hungary make its first winter appearance?,28 years,1026,TEMPORAL,Is temporal,28 years,year
How many years after its summer appearance did Hungary make its Intercalated Games appearance?,2 years,1026,TEMPORAL,Is temporal,2 years,year
How many months did the 12th Annual Honda Civic Tour run?,2 months,1034,TEMPORAL,Is temporal,2 months,not defined
when 12th Annual Honda Civic Tour was start?,"August 1, 2013",1034,TEMPORAL,Is temporal,"August 1, 2013",not defined
When 12th Annual Honda Civic Tour was end?,"October 6, 2013",1034,TEMPORAL,Is temporal,"October 6, 2013",not defined
How many years ago did 12th Annual Honda Civic Tour was started?,9 Years ago,1034,TEMPORAL,Is temporal,9 Years ago,year
How many years after the 12th Annual Honda Civic Tour did Kelly Clarkson preform for the Piece by Piece Tour?,2 years,1034,TEMPORAL,Is temporal,2 years,year
"How many days did 12th Annual Honda Civic Tour was held from August 1, 2013?",66 days,1034,TEMPORAL,Is temporal,66 days,not defined
Which year did Honda Civic was tour named held 11th Annual Honda Civic Tour?,2012,1034,TEMPORAL,Is temporal,2012,not defined
How many years was Rolling Stone on Tour between 2012 and 2016?,4,1035,COUNT,Is temporal,4,year
How many months did 14 On Fire last?,9,1035,COUNT,Is temporal,9,not defined
How many years after 14 On Fire was the next tour?,1,1035,COUNT,Is temporal,1,year
How many days did 14 On Fire was showed in 2014?,274 days,1035,TEMPORAL,Is temporal,274 days,not defined
How many years before the 14 On Fire concert tour began did the 50 & Counting concert tour end?,1,1035,COUNT,Is temporal,1,year
How many full months did the 14 On Fire concert tour cover?,8,1035,COUNT,Is temporal,8,not defined
How many days before the 1960 Agadir earthquake were the first foreshocks?,6,1036,COUNT,Is temporal,6,not defined
How much longer was the time between the aftershocks than the foreshocks?,20 days,1036,TEMPORAL,Is temporal,20 days,not defined
How many months did people experience the effects of the 1960 Agadir earthquake?,3,1036,COUNT,Is temporal,3,not defined
How many months after the first foreshock was the last aftershock?,2,1036,COUNT,Is temporal,2,not defined
When was the first foreshock of the 1960 Agadir earthquake?,February 23,1036,TEMPORAL,Is temporal,February 23,not defined
How long after the 2014 Ludian earthquake did 112 report as missing?,5 days,1042,TEMPORAL,Is temporal,5 days,not defined
112 people were missing after the 2014 Ludian earthquake as of how many days after it happened?,5,1042,COUNT,Is temporal,5,not defined
How many days after the 2014 Ludian earthquake local date did 617 people die?,5 days,1042,TEMPORAL,Is temporal,5 days,not defined
How much  2020 aegean sea earthquake duriation ?,16 seconds,1047,UNKNOWN,Is temporal,16 seconds,not defined
How many years after the Better Day World Tour was the next tour?,3,1054,COUNT,Is temporal,3,year
When was the last show on the Better Day World Tour?,"December 1, 2011",1054,TEMPORAL,Is temporal,"December 1, 2011",not defined
When was the first day you could catch a show on the Better Day World Tour?,"July 17, 2011",1054,TEMPORAL,Is temporal,"July 17, 2011",not defined
How many days did the Better Day tour last?,137,1054,COUNT,Is temporal,137,not defined
How many days did Better Day World Tour was held from 2011?,137 days,1054,TEMPORAL,Is temporal,137 days,not defined
How long after the Backwoods Barbie Tour did the Blue Smoke World Tour begin?,6 years,1054,TEMPORAL,Is temporal,6 years,year
What is the average length of time between Dolly Parton's tours?,3 years,1054,TEMPORAL,Is temporal,3 years,year
How much longer was Gagauzia an unrecognized breakaway state than Tatarstan?,2 years,1056,TEMPORAL,Is temporal,2 years,year
what is the date of the Part of the Cold War and the Revolutions of 1989?,16 November,1056,UNKNOWN,Is temporal,16 November,not defined
How long after the beginning of the dissolution of the Soviet Union did Chechnya become an unrecognized breakaway state?,3 years,1056,TEMPORAL,Is temporal,3 years,year
What is the total number of years that the Space Shuttle program lasted?,39,1062,COUNT,Is temporal,39,not defined
How long did the Space Shuttle program run?,39 years,1062,TEMPORAL,Is temporal,39 years,year
How many years after the Space Shuttle program began did it have its first flight?,5,1062,COUNT,Is temporal,5,year
What was the last date that the Space Shuttle program made its flight?,"July 21, 2011",1062,TEMPORAL,Is temporal,"July 21, 2011",not defined
What year did the Space Shuttle program make its first flight?,1977,1062,TEMPORAL,Is temporal,1977,year
At what age does Joe Biden join the democratic political party?,27,1062,AGE,Is temporal,27,year
The Space Shuttle's first crewed flight occurred how many years after its first flight?,4,1062,COUNT,Is temporal,4,not defined
What year was the single 2 of Amerikaz Most Wanted released?,1996,1066,TEMPORAL,Is temporal,1996,year
"How many days did it take to record ""2 of Amerikaz Most Wanted""?",1,1066,COUNT,Is temporal,1,not defined
"When could people finally buy ""2 of Amerikaz Most Wanted""?","May 7, 1996",1066,TEMPORAL,Is temporal,"May 7, 1996",not defined
"How many months after ""2 of Amerikaz Most Wanted"" was recorded was it released?",7,1066,COUNT,Is temporal,7,not defined
How long did it take to record 21st Century Breakdown?,1 year,1070,TEMPORAL,Is temporal,1 year,year
"How long after ""21st Century Breakdown"" began recording was it released?",1 year.,1070,TEMPORAL,Is temporal,1 year.,year
"How many years after the start of the recording of ""21st Century Breakdown"" was ""Last of the American Girls"" released?",2,1070,COUNT,Is temporal,2,year
"In what year was ""21st Century Breakdown"" first recorded?",2008,1070,TEMPORAL,Is temporal,2008,year
What year was the single 21st Century Breakdown released?,2009,1070,TEMPORAL,Is temporal,2009,year
"How long after ""21st Century Breakdown"" was the next single released?",1 year,1070,TEMPORAL,Is temporal,1 year,year
Over how many years did it take to record 21st Century Breakdown?,2,1070,COUNT,Is temporal,2,not defined
What year was 21st Century Breakdown released?,2009,1070,TEMPORAL,Is temporal,2009,year
How many years did it take to record 21st Century Breakdown?,1 year,1070,TEMPORAL,Is temporal,1 year,year
What year was 3 a.m. Eternal originally released?,1989,1071,TEMPORAL,Is temporal,1989,year
"How many years passed between the first and last release of ""3 a.m. Eternal""?",3,1071,COUNT,Is temporal,3,year
What year did 3 a.m. Eternal become released on a live version?,1991,1071,TEMPORAL,Is temporal,1991,year
"How many years after ""3 a.m. Eternal"" was released on Pure Trance 2 was it released in the KLF vs ENT version?",3,1071,COUNT,Is temporal,3,year
"When was the first time that ""3 a.m. Eternal"" was released?",May 1989,1071,TEMPORAL,Is temporal,May 1989,not defined
How many years before Money Don't Matter 2 Night was Diamonds and Pearls released?,1,1075,COUNT,Is temporal,1,year
What is the edited  length of the album?,4:12 min,1075,TEMPORAL,Is temporal,4:12 min,not defined
Which year released in Money Don't Matter 2 Night?,1992,1075,TEMPORAL,Is temporal,1992,not defined
What year did the movie 8 mile release?,2002,1077,TEMPORAL,Is temporal,2002,year
How many years ago was this movie released?,20 years,1077,TEMPORAL,Is temporal,20 years,year
What is the running time for the film 8 Mile?,110 minutes,1077,TEMPORAL,Is temporal,110 minutes,not defined
What year was 8 Mile released?,2002,1077,TEMPORAL,Is temporal,2002,year
How long was the 49th Parallel?,123 minutes,1078,TEMPORAL,Is temporal,123 minutes,not defined
"How many days did the movie ""49th Parallel"" premiere in USA (New York) after London premiere on 8 October 1941?",148 days,1078,TEMPORAL,Is temporal,148 days,not defined
When was the the 49th Parallel released in the US?,"April 15, 1942",1078,TEMPORAL,Is temporal,"April 15, 1942",not defined
How many months after the UK nationwide release was the US nationwide release?,5,1078,COUNT,Is temporal,5,not defined
How many months after the New York City premiere was 49th Parallel released to the rest of the country?,1,1078,COUNT,Is temporal,1,not defined
What is the running time of movie 49th Parallel?,123 minutes,1078,TEMPORAL,Is temporal,123 minutes,not defined
How many years was Access Hollywood known as Access?,2 years,1085,TEMPORAL,Is temporal,2 years,year
How many years was Robert K. Silverstein the producer for Access Hollywood?,10,1085,COUNT,Is temporal,10,year
What year did Access Hollywood debue?,2017,1085,TEMPORAL,Is temporal,2017,year
What year did Access Hollywood premier?,1996,1085,TEMPORAL,Is temporal,1996,year
What year did Access Hollywood switch to HDTV,2010,1085,TEMPORAL,Is temporal,2010,year
"For how many years was Access Hollywood known simply as ""Access""?",2,1085,COUNT,Is temporal,2,year
How long was Robert K. Silverstein a producer for Access Hollywood?,10,1085,UNKNOWN,Is temporal,10,not defined
What year was Wil Calhoun an executive producer of Friends?,2001,1088,TEMPORAL,Is temporal,2001,year
Which year is opened of Delaware Extension?,1862,1094,TEMPORAL,Is temporal,1862,not defined
When Delaware Extension was opened?,"1862 (Pennsylvania Railroad), 1968 (Penn Central), 1976 (Conrail)",1094,TEMPORAL,Is temporal,"1862 (Pennsylvania Railroad), 1968 (Penn Central), 1976 (Conrail)",not defined
Which year is closed of Delaware Extension?,1968,1094,TEMPORAL,Is temporal,1968,not defined
When Delaware Extension was closed?,"1968 (Pennsylvania Railroad), 1976 (Penn Central), unknown (Conrail, became part of Harrisburg Line)",1094,TEMPORAL,Is temporal,"1968 (Pennsylvania Railroad), 1976 (Penn Central), unknown (Conrail, became part of Harrisburg Line)",not defined
How many years were between the end of the run of the Billie Mae Richards TV specials and the film in which Blitzen was Rudolph's father?,12,1095,COUNT,Is temporal,12,year
What year was Arrow seen as part of Rudolph the Red-Nosed Reindeer's family?,1998,1095,TEMPORAL,Is temporal,1998,year
How many years did Rudolph the Red-Nosed Reindeer run as a television special voiced by Billie Mae Richards ?,46 years,1095,TEMPORAL,Is temporal,46 years,year
What year did Rudolph the Red-Nosed Reindeer debut as a television special?,1964,1095,TEMPORAL,Is temporal,1964,year
When was the last television special with Rudolph the Red Nosed Reindeer?,2010,1095,TEMPORAL,Is temporal,2010,year
When did Rudolph the Red Nosed Reindeer first appear on television?,1964,1095,TEMPORAL,Is temporal,1964,not defined
How many years after the first appearance of Rudolph the Red-Nosed Reindeer was Rusty introduced as his cousin?,59,1095,COUNT,Is temporal,59,year
How many years were between when Charlton Heston portrayed the character and when he voiced the character?,44,1101,COUNT,Is temporal,44,year
What was the last year that Judah Ben-Hur was portrayed?,2016,1101,TEMPORAL,Is temporal,2016,not defined
When was the first time that Judah Ben-Hur appeared on the screen?,1925,1101,TEMPORAL,Is temporal,1925,year
How long after the novel A Tale of the Christ was published did Ramon Novarro portray Ben-Hur?,45 years,1101,TEMPORAL,Is temporal,45 years,year
How many years were between when Carl Stockdale and Julian Rhind-Tutt  played Monks,85 years,1104,TEMPORAL,Is temporal,85 years,year
What was the last year the Monks was portrayed on a television miniseries?,2007,1104,TEMPORAL,Is temporal,2007,not defined
What year was Monks portrayed by Carl Stockdale?,1922,1104,TEMPORAL,Is temporal,1922,year
When was the first release of Monks?,1922,1104,TEMPORAL,Is temporal,1922,year
When was Monks last released in film form?,1982,1104,TEMPORAL,Is temporal,1982,not defined
When did the Indian Navy commission INS Vikramaditya?,INS Vikramaditya was commissioned by the Indian Navy on 16 November 2013,1109,TEMPORAL,Is temporal,INS Vikramaditya was commissioned by the Indian Navy on 16 November 2013,not defined
When did the Russians sell INS Vikramaditya to the Indian Navy?,INS Vikramaditya was sold to the Indian Navy on 20 January 2004,1109,TEMPORAL,Is temporal,INS Vikramaditya was sold to the Indian Navy on 20 January 2004,not defined
When was INS INS Vikramaditya launched?,INS Vikramaditya was launched on 4 December 2008,1109,TEMPORAL,Is temporal,INS Vikramaditya was launched on 4 December 2008,not defined
When was the INSVikramaditya commissioned?,16 November 2013,1109,TEMPORAL,Is temporal,16 November 2013,not defined
How manys years did the INSVikramaditya Commissioned after Launched in Soviet Union Russia?,5 Years,1109,TEMPORAL,Is temporal,5 Years,year
How many years ago the INSVikramaditya decommissioned in Soviet Union Russia?,26 years ago,1109,TEMPORAL,Is temporal,26 years ago,year
How many years was it from the time INSTrishulentering Jubail was ordered til the time it was launched?,3,1113,COUNT,Is temporal,3,year
How long after launch was INSTrishulentering Jubail officially commissioned?,1 year and 7 months.,1113,TEMPORAL,Is temporal,1 year and 7 months.,not defined
How long after INSTrishulentering Jubail was ordered was it officially commissioned?,5 years 7 months,1113,TEMPORAL,Is temporal,5 years 7 months,not defined
How much time passed between the time the INSTrishul was ordered and it laid down?,2 years,1113,TEMPORAL,Is temporal,2 years,year
How long after the launch of the INSTrishul was it commissioned?,3 years,1113,TEMPORAL,Is temporal,3 years,year
How many days did INSTrishul Launched after Laid down?,427 days,1113,TEMPORAL,Is temporal,427 days,not defined
How many years after the INSTrishul was ordered was its launch?,3,1113,COUNT,Is temporal,3,year
How long after production stopped on the Firefly was it officially retired?,1,1128,UNKNOWN,Is temporal,1,not defined
How many years did FAA Fairey Firefly was produced?,14 Years,1128,TEMPORAL,Is temporal,14 Years,year
How many years ago FAA Fairey Firefly was retired from Royal Navy?,66 Years ago,1128,TEMPORAL,Is temporal,66 Years ago,year
When was the Firefly's first flight?,22 December 1941,1128,TEMPORAL,Is temporal,22 December 1941,not defined
For how long was the Firefly in service?,15 years,1128,TEMPORAL,Is temporal,15 years,year
How long has it been since the Firefly retired?,66 years,1128,TEMPORAL,Is temporal,66 years,year
How long after the First Flight was the Firefly retired?,15,1128,UNKNOWN,Is temporal,15,not defined
How long after the Firefly was introduced did production stop?,12,1128,UNKNOWN,Is temporal,12,not defined
How many years passed between the PBY Catalina's first flight and its retirement by the United States Navy Reserve?,Nearly 22,1130,COUNT,Is temporal,Nearly 22,not defined
The PBY Catalina was in production for how many years?,9,1130,COUNT,Is temporal,9,not defined
How many years was the PBY Catalina manufactured?,9,1130,COUNT,Is temporal,nine,year
For how long was the PBY Catalinain commission by the US Navy?,21 years,1130,TEMPORAL,Is temporal,21 years,year
How many years did X-15 was used for NASA and US Air Force?,9 Years (1959-1968),1132,TEMPORAL,Is temporal,9 Years (1959-1968),not defined
How many years did X-15 was retired?,54 years ago,1132,TEMPORAL,Is temporal,54 years ago,year
How many days did X-15 was introduced after first flight in 8 June 1959?,101 days after,1132,TEMPORAL,Is temporal,101 days after,not defined
How many years separate the X-15's first flight and retiring?,9 years,1132,TEMPORAL,Is temporal,9 years,year
How many months separated the introduction of the X-15 and it's first flight?,3,1132,COUNT,Is temporal,3,not defined
How many months after the first flight was was the introduction of the X-15?,3,1132,COUNT,Is temporal,3,not defined
How many years are between the first flight of the X-15 and when it was retired?,9,1132,COUNT,Is temporal,9,year
What year did the X-15 take its first flight?,1959,1132,TEMPORAL,Is temporal,1959,year
How many years did Coordination Center for Ethnic Germans was worked from 1937?,8 Years,1139,TEMPORAL,Is temporal,Eight Years,year
How many years was Reichsführer-SSHeinrich Himmler the responsible minister for the Coordination Center for Ethnic Germans?,6 years,1139,TEMPORAL,Is temporal,6 years,year
How many years did the Coordination Center for Ethnic Germans remain in existance?,8 years,1139,TEMPORAL,Is temporal,8 years,year
Which year formed in Coordination Center for Ethnic Germans?,1937,1139,TEMPORAL,Is temporal,1937,not defined
How many years ago did Coordination Center for Ethnic Germans was founded?,85 Years ago,1139,TEMPORAL,Is temporal,85 Years ago,year
How many years separated the formation of the V/Line Corporation as a State Transport Authority and it becoming a statutory authority?,20 years,1141,TEMPORAL,Is temporal,20 years,year
What year was the V/Line Corporation formed as State Transport Authority?,1983,1141,TEMPORAL,Is temporal,1983,year
How many years ago did V/Line Corporation was formed?,39 Years ago (1983),1141,TEMPORAL,Is temporal,39 Years ago (1983),not defined
How many years completed that V/Line Corporation formed as statutory corporation?,19 Years completed,1141,TEMPORAL,Is temporal,19 Years completed,year
How long has V/Line been a corporation?,19 years,1141,TEMPORAL,Is temporal,19 years,year
How long was V/Line an Authority brand?,20 years,1141,TEMPORAL,Is temporal,20 years,year
when was formed Victorian Regional Channels Authority?,"April 1, 2004",1143,TEMPORAL,Is temporal,"April 1, 2004",not defined
What was the Victorian Regional Channels Authority's age when the Transport Integration Act 2010 was implemented?,6 years old,1143,TEMPORAL,Is temporal,6 years old,year
Which year Founded of Victorian Regional Channels Authority?,1 April 2004,1143,TEMPORAL,Is temporal,1 April 2004,not defined
When was the most recent of Catan published?,2015,1147,TEMPORAL,Is temporal,2015,year
How many years ago did CATAN 3rd edition released?,25 Years ago,1147,TEMPORAL,Is temporal,25 Years ago,year
How many years did 5th edition released after first edition of CATAN released  in 1995?,20 Years after first edition,1147,TEMPORAL,Is temporal,20 Years after first edition,not defined
How many years longer was time between the fourth and fifth edition than between the 1st and 2nd edition?,7,1147,COUNT,Is temporal,7,year
How long was the time between the first edition and the fourth edition?,12 years,1147,TEMPORAL,Is temporal,12 years,year
When was the first edition of Catan published?,1995,1147,TEMPORAL,Is temporal,1995,year
How many years passed between the first issue and the revised issues of Heroes Unlimited?,3,1151,COUNT,Is temporal,3,year
How many years ago did Heroes Unlimited was 1st edition published?,38 Years ago,1151,TEMPORAL,Is temporal,38 Years ago,year
How many years after Heroes Unlimited 2nd edition released?,14 years after,1151,TEMPORAL,Is temporal,14 years after,year
How long after Heroes Unlimited began was the last edition printed?,14 years,1151,TEMPORAL,Is temporal,14 years,year
When could you first read Heroes Unlimited?,August 1984,1151,TEMPORAL,Is temporal,August 1984,not defined
In what year was the most recent of Heroes Unlimited published?,1998,1151,TEMPORAL,Is temporal,1998,year
What year did Argentina become World Cup champions for the first time?,1978,1160,TEMPORAL,Is temporal,1978,year
What year did Argentina make its first World Cup appearance?,1930,1160,TEMPORAL,Is temporal,1930,year
What year did Argentina gain its highest ranking?,2007,1160,TEMPORAL,Is temporal,2007,year
How long after Argentina's biggest win did it make its first appearance at the Panamerican Championship?,14 years,1160,TEMPORAL,Is temporal,14 years,year
How long was Argentina's Men's football team longest reign at number one ranking?,12 months,1160,TEMPORAL,Is temporal,12 months,not defined
How many years are between Argentina's first international match and their biggest defeat against Czechoslovakia?,56,1160,COUNT,Is temporal,56,year
How many years after their first appearance in the World Cup did Argentina win a championship?,48,1160,COUNT,Is temporal,48,year
When was the first edition of Arkham Horror: The Card Game released?,2016,1161,TEMPORAL,Is temporal,2016,year
When was the first time that you could play Arkham Horror: The Card Game?,2016,1161,TEMPORAL,Is temporal,2016,year
How long ago was the first edition of Arkham Horror: The Card Game released?,6 years,1161,TEMPORAL,Is temporal,6 years,year
What is the expected playing time range difference?,An hour,1161,TEMPORAL,Is temporal,An hour,not defined
How many quarterly years has Arkham Horror been active?,21,1161,COUNT,Is temporal,21,not defined
How many years ago did Arkham Horror: The Card Game was published?,6 years ago (2016),1161,TEMPORAL,Is temporal,6 years ago (2016),not defined
What was the maximum setup time required for Arkham Horror: The Card Game?,15 Minutes,1161,TEMPORAL,Is temporal,15 Minutes,not defined
How many years was Atlantis in publication?,35 years,1163,TEMPORAL,Is temporal,35 years,year
What year did Atlantis become published?,1984,1163,TEMPORAL,Is temporal,1984,year
When was the most recent edition of Atlantis released?,2019,1163,TEMPORAL,Is temporal,2019,year
How many years passed between the first and second editions of Atlantis?,1,1163,COUNT,Is temporal,1,year
How many years were between the 1st edition of Atlantis and the 30th anniversary edition?,35,1163,COUNT,Is temporal,35,year
How much longer was the time between the Second Age and 30th Anniversary Edition  than between  the 1st and 2nd edition?,4 years,1163,TEMPORAL,Is temporal,4 years,year
When was the first edition of Atlantis released?,1984,1163,TEMPORAL,Is temporal,1984,year
How many years are between Australia's first ODI and its last T20I?,51,1164,COUNT,Is temporal,51,year
"How long after Australia Cricket's first best test ranking, when did they achieve their best ODI ranking?",38 years,1164,TEMPORAL,Is temporal,38 years,year
How many years ago was Australia's first test ever in Cricket?,145 years ago,1164,TEMPORAL,Is temporal,145 years ago,year
What was the longest span Australia went between championships in Cricket ODI?,12 years,1164,TEMPORAL,Is temporal,12 years,year
How many days ago did Australia played their last ODI?,28 days ago,1164,TEMPORAL,Is temporal,28 days ago,not defined
How many years ago did Australia won T20I World Cup?,1 Year ago (2021),1164,TEMPORAL,Is temporal,1 Year ago (2021),not defined
How many years after Australia acquired its test status did it become a full member of the ICC?,32 years,1164,TEMPORAL,Is temporal,32 years,year
How many years are between Australia's first international and their first AFC U-23 Asian Cup appearance?,46,1166,COUNT,Is temporal,46,year
How many years after first appearing at the AFC U-23 Asian Cup did Australia have their best result?,7,1166,COUNT,Is temporal,seven,year
How many years apart were Australia's two biggest defeats?,20,1166,COUNT,Is temporal,20,year
What year did the Australian team gain its best result in the Summer Olympics?,1992,1166,TEMPORAL,Is temporal,1992,year
What year did the Australian team make its first Summer Olympics appearance?,2013,1166,TEMPORAL,Is temporal,2013,year
How many years after did England won the T20 World Cup since their first T20I in 2005?,Aftter 5 Years (2010),1172,TEMPORAL,Is temporal,Aftter 5 Years (2010),not defined
How many years ago did England acquired test status?,145 Years ago (1877),1172,TEMPORAL,Is temporal,145 Years ago (1877),not defined
How many years are between England's first ODI and first T20I?,34,1172,COUNT,Is temporal,34,year
How long after their first appearance in a World Cup did it take England to win a Championship?,44 years,1172,TEMPORAL,Is temporal,44 years,year
How many years after England acquired its test status did it achieve full ICC status?,32,1172,COUNT,Is temporal,32,year
When was the most recent publication of FATE?,2013,1175,TEMPORAL,Is temporal,2013,year
How many years after the first publication of FATE was the second publication?,3,1175,COUNT,Is temporal,3,year
When was the first year that FATE was published?,2003,1175,TEMPORAL,Is temporal,2003,year
How many years did Probe game was active?,18 Years,1188,TEMPORAL,Is temporal,18 Years,year
How long after the last publication of Probe was it no longer active?,6 years,1188,TEMPORAL,Is temporal,6 years,year
How many years after the publication of #112 was the publication of #202?,12,1188,COUNT,Is temporal,12,year
What year was Probe originally released?,1964,1188,TEMPORAL,Is temporal,1964,year
How many years was Probe in production?,18 years,1188,TEMPORAL,Is temporal,18 years,year
How many years difference was there between the first Srilankan T20I and the last T20I?,40 years,1191,TEMPORAL,Is temporal,40 years,year
How long did Sri Lanka take from being an ICC Associate member to full member?,16 years,1191,TEMPORAL,Is temporal,16 years,year
How long did it take for Sri Lanka to become a full member after attaining its Associate Member ICC status?,16 years,1191,TEMPORAL,Is temporal,16 years,year
When did Sri Lanka make its first World Cup appearance?,1975,1191,TEMPORAL,Is temporal,1975,not defined
What year did Sri Lanka gain its Associate Member ICC status?,1965,1191,TEMPORAL,Is temporal,1965,year
How long after Sri Lanka's first ODI and first T20I?,31 years,1191,TEMPORAL,Is temporal,31 years,year
What is the time span for World Test Championship appearances for Srilanka?,2 year,1191,TEMPORAL,Is temporal,2 year,year
How many month ago did Ingenuity was deployed to mars?,15 months ago,1206,TEMPORAL,Is temporal,15 months ago,not defined
How many days did Ingenuity was flyed in mars?,418 days,1206,TEMPORAL,Is temporal,418 days,not defined
How long did Ingenuity take to go from deployment to it's last flight?,14 months,1206,TEMPORAL,Is temporal,14 months,not defined
How long did it take for Ingenuity to go from Deployment to first flight?,16 days,1206,TEMPORAL,Is temporal,16 days,not defined
How long was it between the day of Ingenuity's first flight and its last flight?,2 months,1206,TEMPORAL,Is temporal,2 months,not defined
How many years did the Ingenuity fly?,1 year,1206,TEMPORAL,Is temporal,1 year,year
How many days did Ingenuity take from date of deployment to its first flight?,16 days,1206,TEMPORAL,Is temporal,16 days,not defined
How much time since deployment did it take for Ingenuity to travel 7.17 km?,1 year 2 months,1206,TEMPORAL,Is temporal,1 year 2 months,not defined
How long after Ingenuity was deployed was the picture taken?,4 days,1206,TEMPORAL,Is temporal,4 days,not defined
